fid,block_num,multigeom
1,0001,F
2,0002,F
3,0004,F
4,0005,F
5,0006,F
6,0007,F
7,0010,F
8,0011,F
9,0012,F
10,0013,F
11,0014,F
12,0015,F
13,0016,F
14,0017,F
15,0018,F
16,0019,F
17,0020,F
18,0021,F
19,0022,F
20,0023,F
21,0024,T
22,0024,T
23,0025,F
24,0026,F
25,0026T,F
26,0027,F
27,0028,T
28,0028,T
29,0029,F
30,0030,F
31,0031,F
32,0032,F
33,0033,F
34,0034,F
35,0035,F
36,0036,F
37,0037,F
38,0038,F
39,0039,T
40,0039,T
41,0040,F
42,0041,T
43,0041,T
44,0042,F
45,0043,T
46,0043,T
47,0044,F
48,0045,F
49,0046,F
50,0047,F
51,0048,F
52,0049,F
53,0050,T
54,0050,T
55,0050,T
56,0051,T
57,0051,T
58,0052,F
59,0053,F
60,0054,T
61,0054,T
62,0054,T
63,0054,T
64,0055,F
65,0056,F
66,0057,F
67,0058,F
68,0059,F
69,0060,T
70,0060,T
71,0061,T
72,0061,T
73,0062,F
74,0063,F
75,0064,F
76,0065,T
77,0065,T
78,0066,F
79,0067,F
80,0068,T
81,0068,T
82,0069,F
83,0070,F
84,0071,F
85,0072,F
86,0073,F
87,0074,T
88,0074,T
89,0075,F
90,0076,F
91,0077,F
92,8720,F
93,8725,F
94,0078,T
95,0078,T
96,0078,T
97,0079,T
98,0079,T
99,0080,F
100,0081,F
101,0082,F
102,0083,F
103,0084,F
104,0085,F
105,0086,T
106,0086,T
107,0086,T
108,0087,F
109,0088,T
110,0088,T
111,0089,F
112,0090,T
113,0090,T
114,0090,T
115,0090,T
116,8726,F
117,0091,T
118,0091,T
119,0092,T
120,0092,T
121,0093,F
122,0094,F
123,0095,F
124,0096,T
125,0096,T
126,0097,F
127,0098,F
128,0099,T
129,0099,T
130,0100,F
131,0101,F
132,0102,T
133,0102,T
134,0103,T
135,0103,T
136,0104,T
137,0104,T
138,0104,T
139,0105,F
140,0106,T
141,0106,T
142,0107,F
143,0108,F
144,0109,F
145,0110,F
146,0111,T
147,0111,T
148,0112,T
149,0112,T
150,0113,T
151,0113,T
152,0114,T
153,0114,T
154,0115,T
155,0115,T
156,0115,T
157,0116,T
158,0116,T
159,0116,T
160,0117,T
161,0117,T
162,0118,F
163,0119,F
164,0120,T
165,0120,T
166,0121,T
167,0121,T
168,0121,T
169,0121A,F
170,0122,F
171,0123,T
172,0123,T
173,0123,T
174,0123,T
175,0124,F
176,0125,F
177,8729,F
178,0126,F
179,0127,F
180,0128,F
181,0129,F
182,0130,F
183,0131,T
184,0131,T
185,0132,F
186,0133,F
187,0134,F
188,0135,F
189,0136,F
190,0137,F
191,0138,F
192,0139,F
193,0140,F
194,0141,F
195,0142,F
196,0143,T
197,0143,T
198,0144,F
199,0145,T
200,0145,T
201,0145,T
202,0145,T
203,0146,T
204,0146,T
205,0147,T
206,0147,T
207,0148,F
208,0149,F
209,0150,T
210,0150,T
211,0151,T
212,0151,T
213,0152,F
214,0153,F
215,0154,T
216,0154,T
217,0155,T
218,0155,T
219,0156,T
220,0156,T
221,0157,T
222,0157,T
223,0158,T
224,0158,T
225,0158,T
226,0159,T
227,0159,T
228,0159,T
229,0160,T
230,0160,T
231,0161,F
232,0162,T
233,0162,T
234,0162,T
235,0163,F
236,0164,T
237,0164,T
238,8731,F
239,0165,F
240,0166,F
241,0167,F
242,0168,F
243,0171,F
244,0172,F
245,0173,F
246,0174,F
247,0175,T
248,0175,T
249,0175,T
250,0176,T
251,0176,T
252,0177,T
253,0177,T
254,0178,F
255,0179,T
256,0179,T
257,0180,T
258,0180,T
259,0181,T
260,0181,T
261,0182,F
262,0183,F
263,0184,F
264,0185,F
265,0186,F
266,0187,F
267,0188,F
268,0189,F
269,0190,F
270,0191,F
271,0192,T
272,0192,T
273,0193,T
274,0193,T
275,0194,T
276,0194,T
277,0195,T
278,0195,T
279,0196,T
280,0196,T
281,0197,T
282,0197,T
283,0198,F
284,0199,F
285,0200,F
286,0201,F
287,0202,F
288,0203,F
289,0204,F
290,0206,T
291,0206,T
292,0207,F
293,0208,T
294,0208,T
295,0209,T
296,0209,T
297,0210,T
298,0210,T
299,0210,T
300,0210A,F
301,0211,F
302,8727,F
303,0212,T
304,0212,T
305,0212,T
306,0213,F
307,0214,F
308,0215,T
309,0215,T
310,0215,T
311,0216,F
312,0217,F
313,0218,F
314,0219,F
315,0220,F
316,0221,T
317,0221,T
318,0222,T
319,0222,T
320,0222A,F
321,0223,F
322,0224,T
323,0224,T
324,0224A,F
325,0225,T
326,0225,T
327,0226,T
328,0226,T
329,0227,T
330,0227,T
331,0228,T
332,0228,T
333,0228,T
334,0228,T
335,0229,T
336,0229,T
337,0230,F
338,0231,F
339,0232,F
340,0233,F
341,0234,F
342,0235,F
343,0236,F
344,0237,T
345,0237,T
346,0238,T
347,0238,T
348,0239,T
349,0239,T
350,0239,T
351,0240,T
352,0240,T
353,0241,F
354,0242,F
355,0243,T
356,0243,T
357,0244,F
358,0245,T
359,0245,T
360,0246,F
361,0247,F
362,0248,F
363,0249,F
364,0250,F
365,0251,F
366,0252,F
367,0253,T
368,0253,T
369,0253A,F
370,0253T,F
371,0254,F
372,0255,F
373,0256,T
374,0256,T
375,0256T,F
376,0257,F
377,0258,T
378,0258,T
379,0259,F
380,0260,T
381,0260,T
382,0261,F
383,0262,F
384,0263,F
385,0264,F
386,0265,F
387,0266,F
388,0267,F
389,0268,F
390,0269,T
391,0269,T
392,0270,T
393,0270,T
394,0271,F
395,0272,T
396,0272,T
397,0273,F
398,0274,F
399,0275,F
400,0275A,F
401,0275B,F
402,0276,F
403,0277,F
404,0278,F
405,0279,F
406,0280,F
407,0281,F
408,0282,F
409,0283,F
410,0284,F
411,0285,F
412,0286,F
413,0287,T
414,0287,T
415,0288,T
416,0288,T
417,0289,F
418,0290,F
419,0291,F
420,0292,F
421,0293,F
422,0294,T
423,0294,T
424,0295,F
425,0296,F
426,0297,F
427,0298,T
428,0298,T
429,0298,T
430,0298,T
431,0299,F
432,0300,F
433,0301,F
434,0302,F
435,0303,F
436,0304,F
437,8732,F
438,0305,T
439,0305,T
440,0306,F
441,0307,F
442,0308,F
443,0309,T
444,0309,T
445,0310,T
446,0310,T
447,0311,F
448,0312,F
449,0313,F
450,0314,F
451,0315,T
452,0315,T
453,0316,F
454,0317,T
455,0317,T
456,0318,F
457,0319,F
458,0320,F
459,0321,F
460,0322,F
461,0322A,F
462,0323,F
463,0324,F
464,0325,F
465,0326,T
466,0326,T
467,0327,F
468,0328,F
469,0329,F
470,0330,T
471,0330,T
472,0331,F
473,0332,F
474,0333,F
475,0334,F
476,0335,F
477,0336,F
478,0337,F
479,0338,F
480,0339,F
481,0340,F
482,0341,T
483,0341,T
484,0342,F
485,0343,F
486,0344,F
487,0345,F
488,0346,F
489,0347,F
490,0348,F
491,0349,F
492,0350,F
493,0351,T
494,0351,T
495,0351,T
496,0351,T
497,0353,F
498,0354,F
499,0355,F
500,0405,F
501,8730,F
502,0409,F
503,0410,F
504,0410A,F
505,0417A,F
506,0417B,F
507,0418A,F
508,0419A,F
509,0436B,F
510,0436C,F
511,0436D,F
512,0436E,F
513,0436F,F
514,0438A,F
515,0439A,F
516,0440A,F
517,0440B,F
518,8728,F
519,0441A,F
520,0441B,F
521,0442A,F
522,0443A,F
523,0445A,F
524,0446,F
525,0451,F
526,0452,F
527,0453,F
528,0454,F
529,0459,F
530,0460A,F
531,0462A,F
532,0463A,F
533,0464A,F
534,0465A,F
535,0466A,F
536,0467A,F
537,0468A,F
538,0469,F
539,0471,F
540,0472,F
541,0473,F
542,0474,F
543,0475,F
544,0476,F
545,0477,F
546,0478,F
547,0479,F
548,8705,F
549,0480,F
550,0481,F
551,0482,F
552,0486A,F
553,0488A,T
554,0488A,T
555,0489,F
556,0490,F
557,0491,F
558,0492,F
559,0493,T
560,0493,T
561,0494,T
562,0494,T
563,0495,F
564,0496,F
565,0497,F
566,0498,F
567,0499,F
568,0500,F
569,0501,F
570,0502,F
571,0503,F
572,8715,F
573,0504,F
574,0505,F
575,0506,F
576,0507,F
577,0508,T
578,0508,T
579,0509,T
580,0509,T
581,0510,T
582,0510,T
583,0511,F
584,0512,F
585,0513,F
586,0514,F
587,0515,T
588,0515,T
589,0516,T
590,0516,T
591,0517,T
592,0517,T
593,0518,F
594,0519,F
595,0520,F
596,0521,F
597,0522,F
598,0523,F
599,0524,F
600,0525,F
601,0526,F
602,0527,F
603,0528,F
604,0529,F
605,0530,F
606,0531,F
607,0532,F
608,0533,F
609,0534,F
610,0535,F
611,0536,F
612,0537,F
613,0538,F
614,0539,F
615,0540,F
616,0541,F
617,0542,F
618,0543,F
619,0544,F
620,0545,F
621,0546,F
622,0547,F
623,0548,F
624,0549,F
625,0550,F
626,0551,F
627,0552,F
628,0553,F
629,0554,F
630,0555,F
631,0556,F
632,0557,F
633,0558,F
634,0559,F
635,0560,F
636,0561,F
637,0562,F
638,0563,F
639,0564,F
640,0565,F
641,0566,F
642,0567,F
643,0568,F
644,0569,F
645,0570,F
646,0571,F
647,0572,F
648,0573,F
649,0574,F
650,0575,F
651,0576,F
652,0577,F
653,0578,F
654,0579,F
655,0580,F
656,0581,F
657,0582,F
658,0583,F
659,0584,F
660,0585,F
661,0586,F
662,0587,F
663,0588,F
664,0589,F
665,0590,F
666,0591,F
667,0592,F
668,0593,F
669,8706,F
670,0594,F
671,0595,F
672,0596,F
673,0597,F
674,0598,F
675,0599,F
676,0600,F
677,0601,F
678,0602,F
679,0603,F
680,0604,F
681,0605,F
682,0606,F
683,0607,F
684,0611,F
685,0612,F
686,0613,F
687,0614,F
688,0617,F
689,0618,F
690,0619,F
691,0620,F
692,0621,F
693,0622,F
694,0623,F
695,0624,F
696,0625,F
697,0627,F
698,0627A,F
699,0628,F
700,0629,F
701,0630,F
702,0631,F
703,0632,F
704,0633,F
705,0634,T
706,0634,T
707,0635,F
708,0636,F
709,0637,F
710,0638,F
711,0638A,F
712,0639,F
713,0640,F
714,0641,F
715,0642,F
716,0643,F
717,0644,F
718,0645,F
719,0646,F
720,0647,F
721,0648,F
722,0649,F
723,0650,F
724,0651,F
725,0652,F
726,0653,T
727,0653,T
728,0654,F
729,0655,F
730,0656,F
731,0657,F
732,0658,F
733,0659,T
734,0659,T
735,0660,T
736,0660,T
737,0661,F
738,0662,F
739,0663,F
740,0664,T
741,0664,T
742,0665,T
743,0665,T
744,0666,T
745,0666,T
746,0667,T
747,0667,T
748,0668,T
749,0668,T
750,0669,T
751,0669,T
752,8708,F
753,0670,T
754,0670,T
755,0671,T
756,0671,T
757,0672,T
758,0672,T
759,0673,F
760,0674,F
761,0675,F
762,0676,F
763,0677,F
764,0678,F
765,0679,F
766,0680,F
767,0681,F
768,0682,F
769,0683,F
770,0684,F
771,0685,F
772,0686,F
773,0687,F
774,0688,F
775,0689,F
776,0690,T
777,0690,T
778,0691,T
779,0691,T
780,0692,T
781,0692,T
782,0693,T
783,0693,T
784,0694,T
785,0694,T
786,0695,F
787,0696,T
788,0696,T
789,0697,F
790,0700,F
791,0701,F
792,0702,T
793,0702,T
794,0703,F
795,0705,F
796,0706,F
797,0707,F
798,0708,F
799,0709,F
800,0710,F
801,0711,T
802,0711,T
803,0711A,F
804,0712,F
805,0713,T
806,0713,T
807,0714,T
808,0714,T
809,0715,T
810,0715,T
811,0716,T
812,0716,T
813,0717,T
814,0717,T
815,0718,T
816,0718,T
817,0719,T
818,0719,T
819,0720,F
820,0723,F
821,0724,F
822,0725,F
823,0726,F
824,0728,F
825,0729,F
826,0730,F
827,0731,F
828,0732,F
829,0733,F
830,0734,F
831,0735,F
832,0737,T
833,0737,T
834,0738,T
835,0738,T
836,0739,T
837,0739,T
838,0740,T
839,0740,T
840,0741,F
841,0742,F
842,0743,T
843,0743,T
844,0744,F
845,0745,F
846,0747,F
847,0748,F
848,0749,F
849,0750,F
850,0751,F
851,0752,F
852,0753,F
853,0754,F
854,0755,F
855,0756,F
856,0757,F
857,0758,F
858,0759,F
859,0761,T
860,0761,T
861,0762,F
862,0763,T
863,0763,T
864,0764,F
865,0765,F
866,0766,T
867,0766,T
868,0767,F
869,0768,F
870,0770,F
871,0771,F
872,0772,F
873,0773,F
874,0774,F
875,0775,F
876,0776,F
877,0777,F
878,0778,F
879,0779,F
880,0780,F
881,0781,F
882,0782,F
883,0783,F
884,0785,F
885,0786A,F
886,0787,F
887,0788,F
888,0792,F
889,0792T,F
890,0793,F
891,0794,T
892,0794,T
893,0795,F
894,0796,F
895,0797,F
896,0798,F
897,0799,F
898,0803,F
899,0804,F
900,0805,T
901,0805,T
902,0806,T
903,0806,T
904,0807,T
905,0807,T
906,0808,T
907,0808,T
908,0809,T
909,0809,T
910,0810,F
911,0811,T
912,0811,T
913,0812,F
914,8716,F
915,0813,F
916,0814,F
917,0815,F
918,0816,T
919,0816,T
920,0817,T
921,0817,T
922,0818,T
923,0818,T
924,0819,T
925,0819,T
926,0820,F
927,0821,F
928,0822,F
929,0823,F
930,0824,F
931,0825,F
932,0826,F
933,0827,F
934,0828,F
935,0829,T
936,0829,T
937,0830,T
938,0830,T
939,0831,T
940,0831,T
941,0832,T
942,0832,T
943,0833,T
944,0833,T
945,8717,F
946,0834,T
947,0834,T
948,0835,F
949,0836,F
950,0837,T
951,0837,T
952,0838,T
953,0838,T
954,0839,T
955,0839,T
956,0840,T
957,0840,T
958,0841,F
959,0842,F
960,0843,F
961,0844,F
962,0845,F
963,0846,F
964,0847,F
965,0848,F
966,0849,F
967,0850,F
968,0851,F
969,0852,T
970,0852,T
971,0853,T
972,0853,T
973,0854,T
974,0854,T
975,0855,F
976,0856,F
977,0857,F
978,0858,T
979,0858,T
980,0859,F
981,0860,T
982,0860,T
983,0861,F
984,0862,F
985,0863,F
986,0864,F
987,0865,F
988,0866,F
989,0867,T
990,0867,T
991,0868,T
992,0868,T
993,0869,F
994,0871,F
995,0872,F
996,0873,F
997,0874,T
998,0874,T
999,0875,F
1000,0876,F
1001,8703,F
1002,0900,F
1003,0927,F
1004,2420,F
1005,0909,F
1006,0910,F
1007,0911,F
1008,0912,F
1009,0913,F
1010,0914,F
1011,0915,F
1012,0925,F
1013,3740,F
1014,0916,F
1015,0918,F
1016,0919,F
1017,0920,F
1018,0921,F
1019,0922,F
1020,0923,F
1021,0926,F
1022,3741,F
1023,0928,F
1024,0929,F
1025,0930,F
1026,0931,F
1027,0932,T
1028,0939,F
1029,8718,F
1030,0940,F
1031,0941,F
1032,0943,F
1033,0932,T
1034,0933,F
1035,0934,T
1036,0963,F
1037,0934,T
1038,0935,F
1039,0936,F
1040,0937,F
1041,0938,F
1042,0942,F
1043,0944,F
1044,0945,F
1045,0946,F
1046,0947,F
1047,0948,F
1048,0949,F
1049,0950,F
1050,0951,F
1051,0951A,F
1052,0952,F
1053,0953,F
1054,0954,F
1055,0955,F
1056,0956,F
1057,0956A,F
1058,0957,F
1059,0958,F
1060,0959,F
1061,0960,T
1062,0960,T
1063,0961,F
1064,0962,F
1065,0964,F
1066,0965,F
1067,0966,F
1068,0967,F
1069,0968,F
1070,0969,F
1071,0970,F
1072,0971,F
1073,0972,F
1074,0973,F
1075,0974,F
1076,0975,F
1077,0976,F
1078,0977,F
1079,0978,F
1080,3760,T
1081,0979,F
1082,0980,F
1083,0981,F
1084,0982,F
1085,0983,F
1086,0984,F
1087,0985,F
1088,0986,F
1089,0987,F
1090,0988,F
1091,0989,F
1092,0990,F
1093,1003,F
1094,0991,F
1095,0992,F
1096,0993,F
1097,0994,F
1098,0995,F
1099,0996,F
1100,0997,F
1101,0998,F
1102,0999,F
1103,1000,F
1104,1001,F
1105,1002,F
1106,1004,F
1107,1005,F
1108,8719,F
1109,1006,F
1110,1007,F
1111,1008,F
1112,1009,F
1113,1010,F
1114,1011,F
1115,1012,F
1116,1013,F
1117,1014,F
1118,3910,F
1119,1015,F
1120,1016,F
1121,1017,F
1122,1018,F
1123,1019,F
1124,1020,F
1125,1021,F
1126,1022,F
1127,1023,F
1128,1024,F
1129,1025,F
1130,1026,F
1131,1027,F
1132,3911,F
1133,5507,F
1134,1028,F
1135,1029,F
1136,1030,F
1137,1031,F
1138,1032,T
1139,3912,F
1140,1032,T
1141,1039,F
1142,5508,F
1143,1034,F
1144,1035,F
1145,1040,F
1146,8721,F
1147,1065,F
1148,1148,F
1149,1036,F
1150,1037,F
1151,1038,F
1152,1149,F
1153,1041,F
1154,1047,F
1155,1048,F
1156,3913,F
1157,1042,F
1158,1049,F
1159,1050,F
1160,1043,F
1161,1051,F
1162,1052,F
1163,1053,F
1164,1054,F
1165,1055,F
1166,1044,F
1167,1081,F
1168,1082,F
1169,1045,F
1170,1046,F
1171,1083,F
1172,1084,F
1173,1057,F
1174,1150,F
1175,3742,F
1176,1058,F
1177,1061,F
1178,1062,F
1179,1063,F
1180,1064,F
1181,1151,F
1182,1235,F
1183,1066,F
1184,1067,F
1185,1068,F
1186,1152,F
1187,1069,F
1188,1070,F
1189,1071,F
1190,3754,T
1191,1072,F
1192,1073,F
1193,1074,F
1194,1075,F
1195,1076,F
1196,1077,F
1197,1078,F
1198,1079,T
1199,1079,T
1200,1080,F
1201,3914,F
1202,1085,F
1203,1086,F
1204,1087,F
1205,1088,F
1206,1089,F
1207,1090,F
1208,1091,F
1209,1092,F
1210,1153,F
1211,1154,T
1212,3915,F
1213,1094,F
1214,1098,F
1215,1099,F
1216,1100,T
1217,1095,F
1218,1100,T
1219,1101,F
1220,1102,F
1221,1154,T
1222,1155,F
1223,1103,F
1224,1104,F
1225,1714,T
1226,1105,F
1227,1107,F
1228,1111,F
1229,3916,F
1230,1108,F
1231,1109,F
1232,1714,T
1233,1110,F
1234,8722,T
1235,3917,F
1236,1112,F
1237,8722,T
1238,8723,T
1239,8723,T
1240,3918,F
1241,1113,F
1242,1156,F
1243,3919,F
1244,1114,F
1245,8724,F
1246,3754,T
1247,1115,F
1248,1157,F
1249,1236,F
1250,1116,F
1251,1158,F
1252,1248,F
1253,1117,F
1254,1118,F
1255,1138,F
1256,1169,T
1257,1119,F
1258,1125,F
1259,1126,F
1260,1127,F
1261,1128,F
1262,1129,F
1263,1130,F
1264,1143,F
1265,1144,F
1266,3754,T
1267,1131,F
1268,1135,F
1269,1132,F
1270,1145,F
1271,1145A,F
1272,1146,F
1273,4502A,F
1274,1133,F
1275,1136,F
1276,1249,F
1277,1134,F
1278,1137,F
1279,1147,F
1280,4570,F
1281,4571,F
1282,1139,F
1283,1140,F
1284,1140A,F
1285,1141,F
1286,1142,F
1287,2418,F
1288,1159,F
1289,1160,F
1290,1161,F
1291,1162,F
1292,1163,F
1293,1170,F
1294,1173,T
1295,1173,T
1296,1173,T
1297,1174,T
1298,1174,T
1299,1175,F
1300,1176,F
1301,1285,F
1302,1166,F
1303,1167,F
1304,1168,F
1305,1169,T
1306,1177,F
1307,1178,F
1308,1179,F
1309,1180,F
1310,1181,F
1311,1182,F
1312,1183,F
1313,1184,F
1314,1185,F
1315,1186,F
1316,1187,F
1317,1188,F
1318,1189,F
1319,1190,F
1320,1191,F
1321,1193,F
1322,1194,F
1323,1195,F
1324,1196,F
1325,1197,F
1326,1198,F
1327,1199,F
1328,1200,F
1329,3754,T
1330,1201,F
1331,1202,F
1332,1203,F
1333,1204,F
1334,1205,F
1335,1206,F
1336,1207,F
1337,1208,F
1338,1209,F
1339,1210,F
1340,1211,F
1341,3760,T
1342,1212,F
1343,1213,F
1344,1214,F
1345,1215,F
1346,1216,F
1347,1217,F
1348,1218,F
1349,1219,F
1350,1220,F
1351,1221,F
1352,1222,F
1353,1223,F
1354,3761,T
1355,1224,F
1356,1225,F
1357,1226,F
1358,1227,F
1359,1228,F
1360,1229,F
1361,1230,F
1362,1231,F
1363,1232,F
1364,1233,F
1365,1234,F
1366,3761,T
1367,1237,F
1368,1238,F
1369,1239,F
1370,1240,F
1371,1241,F
1372,1242,F
1373,1243,F
1374,1244,F
1375,1245,F
1376,1246,F
1377,1247,F
1378,3762,T
1379,1250,F
1380,1251,F
1381,1252,F
1382,1253,F
1383,1254,T
1384,1254,T
1385,1255,T
1386,1255,T
1387,1256,F
1388,1257,F
1389,1258,F
1390,1259,F
1391,1260,T
1392,1260,T
1393,1260,T
1394,1261,F
1395,1262,F
1396,1263,F
1397,1264,F
1398,1265,T
1399,1265,T
1400,1265A,F
1401,3762,T
1402,1266,F
1403,1267,F
1404,1268,F
1405,1269,T
1406,1269,T
1407,1270,T
1408,1270,T
1409,5509,F
1410,1271,F
1411,1272,F
1412,1273,F
1413,1274,F
1414,1275,F
1415,1275A,F
1416,1276,F
1417,1277,F
1418,1278,F
1419,1279,F
1420,1280,F
1421,1281,F
1422,1282,F
1423,1283,F
1424,1284,F
1425,3920,F
1426,1286,F
1427,1287,F
1428,1288,F
1429,1289,F
1430,1290,F
1431,1291,F
1432,1292,F
1433,1754,F
1434,1293,F
1435,1294,F
1436,1300,F
1437,1301,F
1438,1302,F
1439,1304,F
1440,1339,F
1441,1303,F
1442,1306,F
1443,1755,F
1444,1305,T
1445,1305,T
1446,1352,F
1447,1307,T
1448,1307,T
1449,1312,T
1450,1340,F
1451,1308,F
1452,1756,F
1453,1757,F
1454,1309,T
1455,1309,T
1456,1347,F
1457,1348,F
1458,1349,F
1459,1312,T
1460,1313,F
1461,1337,F
1462,1350,F
1463,3921A,F
1464,1326,F
1465,1351,F
1466,9900,T
1467,1327,F
1468,1329,F
1469,9900,T
1470,1328,F
1471,1338,F
1472,3922A,F
1473,1330,F
1474,1336,F
1475,3952,F
1476,3953,F
1477,1331,F
1478,1332,F
1479,1333,F
1480,1334,F
1481,1335,F
1482,1341,F
1483,1342,F
1484,1343,F
1485,1344,F
1486,1345,T
1487,1345,T
1488,1346,F
1489,1353,F
1490,1354,F
1491,1355,F
1492,1361,T
1493,1361,T
1494,1362,T
1495,1362,T
1496,1363,T
1497,1363,T
1498,1364,T
1499,1364,T
1500,1365,T
1501,1365,T
1502,1366,F
1503,1367,F
1504,1368,F
1505,1369,F
1506,1370,F
1507,1371,F
1508,1372,F
1509,1373,T
1510,1373,T
1511,3954,F
1512,1374,F
1513,1375,F
1514,1376,F
1515,1377,F
1516,1378,F
1517,1379,F
1518,1380,F
1519,1381,F
1520,3955,F
1521,1382,F
1522,1383,F
1523,1384,F
1524,1385,F
1525,1386,F
1526,1387,F
1527,1405,F
1528,1388,F
1529,1389,F
1530,1390,F
1531,1391,F
1532,1392,F
1533,1406,F
1534,1401,T
1535,1401,T
1536,1402,F
1537,1403,F
1538,1404,F
1539,1440,F
1540,1407,F
1541,1408,F
1542,1409,F
1543,1410,F
1544,1411,F
1545,1412,F
1546,1413,F
1547,1414,F
1548,1441,F
1549,1415,F
1550,1416,F
1551,1417,F
1552,1418,F
1553,1419,F
1554,1420,T
1555,1420,T
1556,1421,F
1557,1422,F
1558,3956,F
1559,3957,F
1560,1423,F
1561,1424,F
1562,1425,F
1563,1426,F
1564,1427,F
1565,1428,F
1566,1429,F
1567,1430,F
1568,1450,F
1569,1431,F
1570,1432,F
1571,1433,F
1572,1434,F
1573,1435,F
1574,1436,F
1575,1437,F
1576,1438,F
1577,1439,F
1578,3958,F
1579,1442,F
1580,1443,F
1581,1444,F
1582,1445,T
1583,1445,T
1584,1446,F
1585,1447,F
1586,1448,F
1587,1449,F
1588,3959,F
1589,3960,F
1590,1451,F
1591,1452,F
1592,1453,F
1593,1454,F
1594,1455,F
1595,1456,F
1596,1457,F
1597,1458,F
1598,1459,F
1599,1460,F
1600,1461,F
1601,1462,F
1602,1463,F
1603,1464,F
1604,1465,F
1605,1466,F
1606,1467,F
1607,1470,F
1608,3961,F
1609,1468,T
1610,1468,T
1611,1469,T
1612,1469,T
1613,1469A,T
1614,1469A,T
1615,2019,F
1616,1471,F
1617,1472,F
1618,1473,F
1619,1474,F
1620,1475,F
1621,1476,F
1622,1481,F
1623,3962,F
1624,3963,F
1625,1482,F
1626,8803,F
1627,8804,F
1628,8811,F
1629,8812,F
1630,9900,T
1631,1483,F
1632,9900,T
1633,9900,T
1634,9900,T
1635,9900,T
1636,PARK,T
1637,PARK,T
1638,5306,T
1639,PARK,T
1640,PARK,T
1641,1497,F
1642,4139,F
1643,PARK,T
1644,PARK,T
1645,VACST,T
1646,VACST,T
1647,VACST,T
1648,1574,F
1649,4140,F
1650,PARK,T
1651,PARK,T
1652,PARK,T
1653,VACST,T
1654,1722,F
1655,PARK,T
1656,PARK,T
1657,PARK,T
1658,1493,F
1659,1494,F
1660,3965,F
1661,PARK,T
1662,PARK,T
1663,VACST,T
1664,VACST,T
1665,VACST,T
1666,VACST,T
1667,VACST,T
1668,VACST,T
1669,3966,F
1670,3967,F
1671,1484,F
1672,1488,F
1673,1489,F
1674,1490,F
1675,1491,F
1676,1492,F
1677,1498,F
1678,1499,F
1679,1500,F
1680,1501,F
1681,1502,F
1682,1503,F
1683,1504,F
1684,1505,F
1685,3968,F
1686,1506,F
1687,1507,F
1688,1508,F
1689,1509,F
1690,1510,F
1691,1511,F
1692,1512,F
1693,1515,F
1694,3969,F
1695,1516,F
1696,1517,F
1697,1518,F
1698,1519,F
1699,1520,F
1700,1521,F
1701,1522,F
1702,1523,F
1703,3970,F
1704,3971,F
1705,1524,F
1706,1525,F
1707,1526,F
1708,1527,F
1709,1528,F
1710,1529,F
1711,1530,F
1712,1531,T
1713,1531,T
1714,1532,F
1715,1533,F
1716,1534,F
1717,1535,F
1718,1536,F
1719,1537,F
1720,1538,F
1721,1539,F
1722,1540,F
1723,1541,F
1724,1731,F
1725,1542,F
1726,1543,F
1727,1544,F
1728,1545,F
1729,1546,F
1730,1547,F
1731,1548,F
1732,1549,F
1733,3973,F
1734,1550,F
1735,1551,F
1736,1552,F
1737,1553,F
1738,1554,F
1739,1555,F
1740,1556,T
1741,1556,T
1742,1557,F
1743,1609,F
1744,1558,F
1745,1559,F
1746,1560,F
1747,1561,F
1748,1562,F
1749,1563,F
1750,1564,F
1751,1650,F
1752,1565,F
1753,1566,F
1754,1567,F
1755,1568,F
1756,1569,F
1757,1570,F
1758,1571,F
1759,1572,F
1760,1575,F
1761,1576,F
1762,1577,F
1763,1578,F
1764,1579,F
1765,1580,F
1766,1581,F
1767,1582,F
1768,4572,F
1769,1583,F
1770,1584,F
1771,1585,F
1772,1586,F
1773,1587,F
1774,1588,F
1775,1589,F
1776,1590,F
1777,1591,F
1778,1752,F
1779,1592,F
1780,1593,F
1781,1594,F
1782,1595,F
1783,1596,F
1784,1597,F
1785,1598,F
1786,1599,F
1787,1600,F
1788,4579,F
1789,1601,F
1790,1602,F
1791,1603,F
1792,1604,F
1793,1605,F
1794,1606,F
1795,1607,F
1796,1608,F
1797,4621,F
1798,1610,F
1799,1611,F
1800,1612,F
1801,1613,F
1802,1614,F
1803,1615,F
1804,1616,F
1805,1617,F
1806,1618,F
1807,1619,F
1808,1620,F
1809,1621,F
1810,1622,F
1811,1623,F
1812,1624,F
1813,1625,F
1814,1626,F
1815,1627,F
1816,1628,F
1817,1629,F
1818,1630,F
1819,1631,T
1820,1631,T
1821,1632,F
1822,1658,F
1823,1633,F
1824,1634,F
1825,1635,F
1826,1636,F
1827,1637,F
1828,1638,F
1829,1639,F
1830,1640,F
1831,1641,F
1832,1642,F
1833,1643,F
1834,1644,F
1835,1645,F
1836,1646,F
1837,1647,F
1838,1648,F
1839,1649,F
1840,5230,F
1841,1651,F
1842,1652,F
1843,1653,F
1844,1654,F
1845,1655,F
1846,1656,T
1847,1656,T
1848,1657,F
1849,4622,F
1850,1659,F
1851,1660,F
1852,1661,F
1853,1662,F
1854,1663,F
1855,1664,F
1856,1665,F
1857,1666,F
1858,1667,F
1859,1668,F
1860,1669,F
1861,1670,F
1862,1671,F
1863,1672,F
1864,1673,F
1865,1674,F
1866,5231,F
1867,1675,F
1868,1676,F
1869,1677,F
1870,1678,F
1871,1679,F
1872,1680,F
1873,1681,F
1874,1682,F
1875,1683,F
1876,1684,F
1877,1685,F
1878,1686,F
1879,1687,F
1880,1688,F
1881,1689,F
1882,1708,F
1883,1690,F
1884,1691,F
1885,1692,F
1886,1700,T
1887,1700,T
1888,1701,F
1889,1702,F
1890,1703,F
1891,1704,F
1892,1705,F
1893,1706,F
1894,1707,F
1895,1709,F
1896,1710,F
1897,1711,F
1898,1712,F
1899,1713,F
1900,1714,T
1901,1714,T
1902,1715,F
1903,1716,F
1904,1717,F
1905,1718,F
1906,1719,F
1907,1720,F
1908,1721,F
1909,5232,F
1910,1723,F
1911,1724,F
1912,1725,F
1913,1726,F
1914,1727,F
1915,1728,F
1916,1729,F
1917,1730,F
1918,1753,F
1919,1732,F
1920,1733,F
1921,1734,F
1922,1735,F
1923,1736,F
1924,1737,F
1925,1738,F
1926,1739,F
1927,1740,F
1928,1741,F
1929,1742,F
1930,1743,F
1931,1744,F
1932,1745,F
1933,1746,F
1934,1747,F
1935,1748,F
1936,1749,F
1937,1750,F
1938,1751,F
1939,5304,F
1940,1758,F
1941,1759,F
1942,1760,F
1943,1761,F
1944,1762,F
1945,1763,F
1946,1764,F
1947,1765,F
1948,1766,F
1949,1767,F
1950,1768,F
1951,1769,F
1952,1770,F
1953,1771,F
1954,1772,F
1955,1773,F
1956,1774,F
1957,1775,F
1958,1776,F
1959,1777,F
1960,1778,F
1961,1779,F
1962,1780,F
1963,1781,F
1964,1782,F
1965,1783,F
1966,1784,F
1967,1785,F
1968,1786,F
1969,1787,F
1970,1788,F
1971,1789,F
1972,1790,F
1973,1791,T
1974,1791,T
1975,4870,F
1976,1792,F
1977,1793,F
1978,1794,F
1979,1795,F
1980,1796,F
1981,1797,F
1982,1798,F
1983,1799,F
1984,1800,F
1985,1801,F
1986,1802,F
1987,1803,F
1988,1804,F
1989,1805,F
1990,1806,F
1991,1807,F
1992,1808,F
1993,1809,F
1994,1810,F
1995,1811,F
1996,1812,F
1997,1813,F
1998,1814,F
1999,1815,F
2000,2697,F
2001,1816,F
2002,1817,T
2003,1817,T
2004,1818,T
2005,1818,T
2006,1819,F
2007,1820,F
2008,1821,F
2009,1822,F
2010,3779,T
2011,1823,F
2012,1824,F
2013,1825,F
2014,1826,F
2015,1827,F
2016,1828,F
2017,1829,F
2018,2139,F
2019,1830,F
2020,1831,F
2021,1832,F
2022,1833,F
2023,1834,F
2024,1835,F
2025,1836,F
2026,1837,F
2027,1838,F
2028,1839,F
2029,1840,F
2030,1841,F
2031,1842,F
2032,1843,F
2033,1844,F
2034,1845,F
2035,1846,F
2036,1847,F
2037,1848,F
2038,1849,F
2039,1850,F
2040,1851,F
2041,1852,F
2042,1853,F
2043,1854,F
2044,3640,T
2045,1855,F
2046,1856,F
2047,1857,F
2048,1858,F
2049,1859A,F
2050,1862A,F
2051,1860A,F
2052,1863,F
2053,1864,F
2054,1865,F
2055,3779,T
2056,1860B,F
2057,1861A,F
2058,1861B,F
2059,1881,F
2060,1866,F
2061,1867,F
2062,1868,F
2063,1869,F
2064,1870,F
2065,1871,F
2066,1872,F
2067,1882,T
2068,1882,T
2069,3793,F
2070,1873,F
2071,1874,F
2072,1875,F
2073,1876,F
2074,1877,F
2075,1878,F
2076,1879,F
2077,1880,F
2078,3794,T
2079,1883,F
2080,1884,F
2081,1885,F
2082,1886,F
2083,1887,F
2084,1888,F
2085,1889,F
2086,1890,F
2087,3794,T
2088,1891,F
2089,1892,F
2090,1893,F
2091,1894,F
2092,1895,F
2093,1896,F
2094,1897,F
2095,1921,F
2096,1898,F
2097,1899,F
2098,1900,F
2099,1901,F
2100,1902,F
2101,1903,F
2102,1904,F
2103,3648,T
2104,1905,F
2105,1906,F
2106,1907,T
2107,1907,T
2108,1908,F
2109,1909,F
2110,1910,F
2111,1911,F
2112,1912,F
2113,3795,F
2114,3796,F
2115,1913,F
2116,1914,F
2117,1915,F
2118,1916,F
2119,1917,F
2120,1918,F
2121,1919,F
2122,1920,F
2123,3648,T
2124,1922,F
2125,1923,F
2126,1924,F
2127,1925,F
2128,1926,F
2129,1932,F
2130,1933,F
2131,1934,F
2132,3707,T
2133,1927A,F
2134,1928,F
2135,1935,F
2136,1936,F
2137,1937,F
2138,2001,F
2139,2002,F
2140,1928B,F
2141,1929A,F
2142,3707,T
2143,3707,T
2144,1930A,F
2145,1931,F
2146,2018,F
2147,2003,F
2148,2004,F
2149,2005,F
2150,2006,F
2151,2007,F
2152,2008,F
2153,2009,F
2154,2017,F
2155,2010,F
2156,2011,F
2157,2012,F
2158,2013,T
2159,2013,T
2160,2014,F
2161,2015,F
2162,2016,F
2163,3707,T
2164,3707,T
2165,2020,F
2166,2021,F
2167,2022,F
2168,2023,F
2169,2024,F
2170,2025,F
2171,2026,F
2172,2027,F
2173,2028,F
2174,2029,F
2175,2030,F
2176,2031,F
2177,2032,F
2178,2033A,F
2179,2034A,F
2180,2045,F
2181,2046,F
2182,3707,T
2183,2035A,F
2184,2047,F
2185,3707,T
2186,3707,T
2187,3707,T
2188,2036A,F
2189,2037A,F
2190,2059,F
2191,2036B,F
2192,2043,F
2193,2044,F
2194,3709,F
2195,2038A,F
2196,2039,F
2197,2040,F
2198,2041,F
2199,2042,T
2200,2042,T
2201,3710,F
2202,2048,F
2203,2049A,F
2204,3711,F
2205,2049B,F
2206,8707,F
2207,2060,F
2208,2061,F
2209,3712,F
2210,3713,F
2211,2050A,F
2212,2057,F
2213,2058,F
2214,2051A,F
2215,3714,F
2216,2052A,F
2217,2053,F
2218,2054,F
2219,2055,F
2220,2056,F
2221,2062,F
2222,2063,F
2223,2064,F
2224,2065,F
2225,2066,F
2226,2067,F
2227,2068,F
2228,2069,F
2229,2070,F
2230,2071,F
2231,2072,F
2232,2073,T
2233,2073,T
2234,2074,F
2235,2075,F
2236,3715,F
2237,3716,F
2238,2076,F
2239,2077,F
2240,2078,F
2241,2079,F
2242,2080,F
2243,2081,F
2244,2082,F
2245,3548,T
2246,2083,F
2247,2084,F
2248,2085,F
2249,2086,F
2250,2087,F
2251,2088,F
2252,2089,F
2253,2090,F
2254,2091,F
2255,2092,F
2256,2093,F
2257,2094,F
2258,2098,T
2259,2098,T
2260,2099,F
2261,2100,F
2262,3549,T
2263,2101,F
2264,2102,F
2265,2103,F
2266,2104,F
2267,2105,F
2268,2106,F
2269,2107,F
2270,2111,F
2271,3717,F
2272,2112,F
2273,2113,F
2274,2114,F
2275,2115,F
2276,2116,F
2277,2117,T
2278,2117,T
2279,2118,F
2280,2119,F
2281,2120,F
2282,2120A,F
2283,2129,F
2284,8704,F
2285,2124A,F
2286,3718,F
2287,2120B,F
2288,2121A,F
2289,2125,F
2290,2140,F
2291,3719,F
2292,2122A,F
2293,2181,T
2294,2123A,F
2295,8710,F
2296,2123B,F
2297,2141,F
2298,3720,T
2299,2126,F
2300,2128,F
2301,2126A,F
2302,2127,F
2303,2130A,F
2304,2134B,F
2305,3720,T
2306,2131A,F
2307,2135,F
2308,2132A,F
2309,2136,F
2310,2137,F
2311,5691,F
2312,2132B,F
2313,2133A,F
2314,5692,F
2315,2134A,F
2316,2138,F
2317,3721,T
2318,2142,F
2319,2143,F
2320,2148,F
2321,2149,F
2322,2150,F
2323,2151,F
2324,2152,F
2325,3721,T
2326,2153,F
2327,2154,F
2328,2155,F
2329,2156,T
2330,2156,T
2331,2161,F
2332,2162,F
2333,2163,F
2334,3721,T
2335,2164,F
2336,2165,F
2337,2166,F
2338,2167,F
2339,2168,F
2340,2169,F
2341,2170,F
2342,2171,F
2343,2172,F
2344,2173,F
2345,2174,F
2346,2175,F
2347,2176,F
2348,2177,F
2349,2178,F
2350,3721,T
2351,2181,T
2352,2182,F
2353,2183,F
2354,2184,F
2355,2185,F
2356,2186,F
2357,2187,F
2358,2400,F
2359,2188,F
2360,2189,F
2361,2190,F
2362,2191,F
2363,2192,F
2364,2193,F
2365,2194,F
2366,2196,F
2367,2698,F
2368,2197,F
2369,2198,F
2370,2199,F
2371,2200,F
2372,2201,F
2373,2202,F
2374,2203,F
2375,2204,F
2376,3722,T
2377,2205,F
2378,2206,F
2379,2207,F
2380,2208,F
2381,2301,F
2382,2302,F
2383,2303,F
2384,3549,T
2385,2304,F
2386,2305,F
2387,2306,F
2388,2307,F
2389,2308,F
2390,2309,F
2391,2310,F
2392,3550,F
2393,3551,F
2394,2311,F
2395,2312,F
2396,2313,T
2397,2313,T
2398,2314,F
2399,2315,F
2400,2316,F
2401,2317,F
2402,2318,F
2403,5693,F
2404,2319,F
2405,2320,F
2406,2321,F
2407,2322,F
2408,2323,F
2409,2324,F
2410,2325,F
2411,3115,F
2412,2328,F
2413,2329,F
2414,2330,F
2415,2331,F
2416,2332,F
2417,2337,F
2418,3552,T
2419,2333A,F
2420,2338,F
2421,2358,F
2422,5694,F
2423,2334A,F
2424,2348,F
2425,5695,F
2426,2334B,F
2427,2349,F
2428,2335A,F
2429,2336,F
2430,3722,T
2431,2338A,F
2432,2340,F
2433,2341,F
2434,2342,F
2435,2343,F
2436,2350,F
2437,2351,F
2438,2353,F
2439,2344A,F
2440,2354,F
2441,2355,F
2442,2356,F
2443,3552,T
2444,2344B,F
2445,2357,F
2446,3553,T
2447,2345A,F
2448,2346,F
2449,2347,F
2450,3722,T
2451,2359,F
2452,2360,F
2453,2361,F
2454,2362,F
2455,2363,F
2456,2364,F
2457,2365,T
2458,2365,T
2459,2366,F
2460,2367,F
2461,2368,F
2462,2369,F
2463,2370,F
2464,2371,F
2465,2372,F
2466,2373,F
2467,2374,F
2468,2375,F
2469,2376,F
2470,2377,F
2471,2378,F
2472,2379,F
2473,2380,F
2474,2381,F
2475,2382,F
2476,2383,F
2477,3553,T
2478,2384,F
2479,2385,F
2480,2386,F
2481,2387,F
2482,2388,F
2483,2389,T
2484,2389,T
2485,2390,F
2486,2391,F
2487,3553,T
2488,2392,F
2489,2393,F
2490,2394,F
2491,2395,F
2492,2396,F
2493,2397,F
2494,2398,F
2495,2399,F
2496,2401,F
2497,2402,F
2498,2403,F
2499,2404,F
2500,2405,F
2501,2406,F
2502,2407,F
2503,2408,F
2504,3554,T
2505,3722,T
2506,2409,F
2507,2410,F
2508,2411,F
2509,2412,F
2510,2414,F
2511,2419,F
2512,2413,F
2513,2415,F
2514,2416,F
2515,2417,F
2516,2421,F
2517,2422,F
2518,2423,F
2519,2424,F
2520,2425,F
2521,2426,F
2522,2427,F
2523,2428,F
2524,2768,F
2525,2429,F
2526,2430,F
2527,2431,F
2528,2432,F
2529,2433,F
2530,2434,F
2531,2435,F
2532,2444,F
2533,2436,F
2534,2437,T
2535,2437,T
2536,2438,F
2537,2439,F
2538,2440,F
2539,2441,F
2540,2442,F
2541,2443,F
2542,2769,F
2543,2445,F
2544,2446,F
2545,2447,F
2546,2448,F
2547,2449,T
2548,2449,T
2549,2450,F
2550,2451,F
2551,3722,T
2552,2452,F
2553,2453,F
2554,2454,F
2555,2455,F
2556,2456,F
2557,2457,F
2558,2458,F
2559,2459,F
2560,2476,F
2561,2477,F
2562,3723,F
2563,2460A,T
2564,2460A,T
2565,2468,F
2566,2461A,F
2567,2462A,F
2568,2463A,F
2569,2475,F
2570,2464A,F
2571,2465A,F
2572,2466A,F
2573,3554,T
2574,2468A,F
2575,2469,F
2576,2471,F
2577,2472,F
2578,2473,F
2579,2474,F
2580,3554,T
2581,2478,F
2582,2479,F
2583,2480,F
2584,2481,F
2585,2482,F
2586,2631,F
2587,3554,T
2588,2483,F
2589,2484,F
2590,2488,F
2591,2494A,F
2592,2632,F
2593,2499A,F
2594,2500A,F
2595,2509,F
2596,2633,F
2597,3554,T
2598,3555,T
2599,2501A,F
2600,2502A,F
2601,2652,F
2602,2503A,F
2603,2516,F
2604,5696,F
2605,2504A,F
2606,2520A,T
2607,2664,F
2608,2505A,T
2609,2525A,F
2610,2505A,T
2611,2506,F
2612,2507,F
2613,2508,F
2614,2510,F
2615,2525B,F
2616,2526A,F
2617,2526B,F
2618,2527A,F
2619,2665,F
2620,2673,F
2621,3724,T
2622,3724,T
2623,2511,F
2624,2512,F
2625,2513,F
2626,2514,F
2627,2515,F
2628,4913,F
2629,2518,F
2630,2519,F
2631,2682,F
2632,2520A,T
2633,2527B,F
2634,2528,F
2635,2521A,F
2636,2699,F
2637,2522,T
2638,2522,T
2639,2523,F
2640,2700,T
2641,2524,F
2642,2700,T
2643,2540,F
2644,2541,T
2645,2700,T
2646,2700,T
2647,5643,T
2648,2541,T
2649,2601,F
2650,2603,F
2651,2701,F
2652,5809,F
2653,2607,F
2654,2608,T
2655,2608,T
2656,2609,F
2657,2643B,F
2658,2610,F
2659,2611,F
2660,2644,F
2661,2701A,F
2662,2702,T
2663,2612,T
2664,2612,T
2665,2613,F
2666,2614,T
2667,4871,F
2668,2614,T
2669,2614,T
2670,2614,T
2671,2618,T
2672,3555,T
2673,2615,F
2674,2616,F
2675,2626,T
2676,2626,T
2677,2626,T
2678,2617,F
2679,2653,F
2680,2617A,F
2681,2618,T
2682,3605,T
2683,2618A,F
2684,2654,F
2685,3605,T
2686,2619,F
2687,3606,T
2688,2620,F
2689,2621,F
2690,2622,F
2691,2623,F
2692,2625,F
2693,2662,F
2694,2627,F
2695,2629,F
2696,2645,F
2697,4876,F
2698,2628,F
2699,2630,F
2700,3611,T
2701,2629A,T
2702,2629A,T
2703,2634,F
2704,2634A,F
2705,2635,T
2706,2635,T
2707,2636,F
2708,4877,F
2709,2638,F
2710,2641,F
2711,2642,F
2712,2643,T
2713,2643,T
2714,2646,F
2715,3611,T
2716,2643,T
2717,2643,T
2718,2643A,F
2719,2647,F
2720,2648,T
2721,2648,T
2722,2649,T
2723,2649,T
2724,2650,T
2725,2650,T
2726,2651,T
2727,2651,T
2728,2651,T
2729,3636,T
2730,2655,F
2731,2656,F
2732,2657,T
2733,2657,T
2734,2657,T
2735,2658,T
2736,3636,T
2737,2658,T
2738,2659,F
2739,2660,F
2740,2661,T
2741,2661,T
2742,2661,T
2743,3974,F
2744,2674,T
2745,2674,T
2746,2675,T
2747,2702,T
2748,3728,T
2749,2675,T
2750,2683,F
2751,2711,T
2752,2711,T
2753,2676,F
2754,2687,F
2755,2677,F
2756,2688,F
2757,3975,F
2758,2678,F
2759,2689,F
2760,2690,F
2761,2691,F
2762,3976,F
2763,2679,F
2764,2692,F
2765,2693,F
2766,2694,F
2767,2695,F
2768,4647A,F
2769,2680,F
2770,2681,F
2771,4652,F
2772,2684,F
2773,2685,F
2774,2696,F
2775,2686,F
2776,5880,F
2777,2703,F
2778,2704,F
2779,2705,T
2780,2705,T
2781,2717,T
2782,2770,F
2783,5881,F
2784,2706,F
2785,2707,F
2786,2708,F
2787,2718,F
2788,2718A,F
2789,2709,T
2790,2709,T
2791,2712,F
2792,2713,T
2793,2713,T
2794,2714,T
2795,2714,T
2796,2715,T
2797,2715,T
2798,2716,T
2799,2716,T
2800,2717,T
2801,2719A,F
2802,6595,F
2803,2719,F
2804,2719B,T
2805,2719B,T
2806,2719C,T
2807,2719C,T
2808,2719C,T
2809,2719C,T
2810,2719C,T
2811,2719C,T
2812,2720,T
2813,2720,T
2814,2771,F
2815,3729,T
2816,2721,F
2817,2722,F
2818,2772,F
2819,2723,F
2820,2724,F
2821,2734,F
2822,2735,F
2823,2737,F
2824,2745,T
2825,2773,F
2826,3729,T
2827,2736,F
2828,2750,F
2829,2745,T
2830,2746,F
2831,2751,F
2832,2752,F
2833,3637,T
2834,2747,F
2835,2748,F
2836,2749,F
2837,2753,F
2838,2763,F
2839,2764,F
2840,2754,F
2841,2765,F
2842,2766,F
2843,2767,F
2844,2755,F
2845,2756,F
2846,3637,T
2847,2775,F
2848,2776,F
2849,2777,F
2850,2778,F
2851,2779,F
2852,2808,T
2853,3556,F
2854,2780,F
2855,2781,F
2856,3116,F
2857,3557,T
2858,2782,F
2859,2786,F
2860,2783,F
2861,2784,F
2862,2787,F
2863,3117,F
2864,2785,F
2865,3118,F
2866,2788,F
2867,3557,T
2868,2789,F
2869,2790,F
2870,3557,T
2871,2791,F
2872,2792,F
2873,2793,F
2874,2798,F
2875,2799,F
2876,2794,F
2877,2800,F
2878,3119,F
2879,3120,F
2880,2795,F
2881,2806,F
2882,2807,F
2883,2808,T
2884,2796,F
2885,3121,F
2886,2797,F
2887,2801,F
2888,2802,F
2889,2803,F
2890,2804,F
2891,2805,F
2892,3638,T
2893,2816,F
2894,2817,T
2895,3122,F
2896,2817,T
2897,3123,F
2898,3133,F
2899,2817,T
2900,2823C,F
2901,3638,T
2902,2818,F
2903,3134,F
2904,3135,F
2905,3639,T
2906,2819,F
2907,3136,F
2908,3558,T
2909,3558,T
2910,2820,F
2911,2824,F
2912,2821,F
2913,2833,F
2914,2822,F
2915,2822A,F
2916,2822B,F
2917,3143,F
2918,3559,F
2919,2823,F
2920,3148,F
2921,4953,F
2922,8709,F
2923,3149,F
2924,3150,F
2925,4955,F
2926,2823A,F
2927,3151,F
2928,2823B,F
2929,3075,F
2930,2825,F
2931,2826,F
2932,2828,F
2933,2829,F
2934,2830,F
2935,2831,F
2936,2832,F
2937,2834,F
2938,2835,F
2939,2840,T
2940,2836,F
2941,2845,T
2942,2837,F
2943,3152,F
2944,3560,F
2945,2838,F
2946,2839,F
2947,2850,F
2948,3561,T
2949,2840,T
2950,2860,T
2951,2841,F
2952,2842,F
2953,2844,F
2954,3639,T
2955,2845,T
2956,2861,T
2957,2846,T
2958,2870,F
2959,3153,F
2960,2846,T
2961,2846,T
2962,3189,F
2963,2847,F
2964,2848,F
2965,2849,F
2966,3561,T
2967,3584,T
2968,2851,F
2969,2852,F
2970,2853,F
2971,3076,T
2972,2854,T
2973,3086,F
2974,3590,T
2975,2854,T
2976,3087,F
2977,3088,F
2978,3089,F
2979,2856,F
2980,2857,F
2981,2858,F
2982,2859,F
2983,3090,F
2984,2860,T
2985,2861,T
2986,3091,F
2987,2862,F
2988,3573,T
2989,2863,F
2990,3574,T
2991,4878,F
2992,2864,F
2993,3574,T
2994,4879,F
2995,2872,F
2996,2874,F
2997,2873,F
2998,3092,F
2999,4880,F
3000,2875,F
3001,2882,T
3002,2876,F
3003,3093,F
3004,3094,F
3005,2877,F
3006,3095,F
3007,3575,T
3008,2878,F
3009,2901D,F
3010,3575,T
3011,2879,F
3012,3098,F
3013,3576,T
3014,2880,F
3015,2881,F
3016,3576,T
3017,3576,T
3018,2882,T
3019,3155,F
3020,2883,F
3021,2921,F
3022,2884,F
3023,3156,F
3024,3576,T
3025,2885,F
3026,2922,F
3027,2923,F
3028,3576,T
3029,2886,F
3030,2927,F
3031,2887,F
3032,2928,F
3033,2888A,F
3034,2944A,T
3035,3577,T
3036,4881,F
3037,2889,F
3038,3577,T
3039,4882,F
3040,2890,F
3041,3729,T
3042,2891,F
3043,2892,F
3044,3590,T
3045,2901A,F
3046,2901B,F
3047,2901C,F
3048,2901E,F
3049,3578,T
3050,3591,T
3051,2902,F
3052,3578,T
3053,2914,T
3054,2914,T
3055,3591,T
3056,2915,F
3057,3579,F
3058,3592,F
3059,2916,F
3060,3580,T
3061,3580,T
3062,2917,F
3063,2918,F
3064,3581,T
3065,3593,T
3066,2918A,F
3067,2953,T
3068,3581,T
3069,3593,T
3070,2919,F
3071,3582,T
3072,4883,F
3073,2919A,F
3074,3582,T
3075,4884,T
3076,4884,T
3077,4884,T
3078,2920,F
3079,3583,T
3080,4893,F
3081,2924,F
3082,2953,T
3083,2954A,F
3084,2925,F
3085,8711,T
3086,2926,F
3087,3562,F
3088,2929,F
3089,3563,F
3090,3733,T
3091,2930,F
3092,8711,T
3093,8713,F
3094,2931,F
3095,8714,F
3096,3564,T
3097,3733,T
3098,3734,F
3099,2932,F
3100,3157,F
3101,2933,F
3102,3099,F
3103,2934,F
3104,2935,F
3105,2936A,F
3106,2936B,F
3107,2938A,F
3108,2944A,T
3109,3735,T
3110,2945A,F
3111,4894,F
3112,2946A,F
3113,2960,F
3114,2947A,F
3115,4895,F
3116,2948A,F
3117,2964,F
3118,4896,F
3119,4897,F
3120,2949A,F
3121,4898,F
3122,2955A,F
3123,2955B,F
3124,2965,F
3125,2956A,F
3126,3158,F
3127,3159,F
3128,2957A,T
3129,2957A,T
3130,2958,F
3131,3160,F
3132,2959,F
3133,2961A,T
3134,2961A,T
3135,2969,F
3136,3161,F
3137,2962A,F
3138,2963B,F
3139,2964A,F
3140,3594,T
3141,2965A,F
3142,2966,F
3143,2970,F
3144,2966A,F
3145,3594,T
3146,2967A,F
3147,2968A,F
3148,2968B,F
3149,3162,F
3150,2971,T
3151,2971,T
3152,3190,F
3153,2972,F
3154,2973,T
3155,2973,T
3156,2973A,F
3157,2976,F
3158,3191,F
3159,2974,F
3160,3163,F
3161,2975,F
3162,3211,T
3163,3564,T
3164,3564,T
3165,2977,F
3166,2978,F
3167,3565,F
3168,2979,T
3169,2979,T
3170,3566,T
3171,3566,T
3172,3566,T
3173,2979A,F
3174,2980,F
3175,2981,F
3176,2982,F
3177,2987A,T
3178,2983,F
3179,3164,F
3180,2984,F
3181,2987A,T
3182,2985,F
3183,3567,F
3184,2986,F
3185,3568,T
3186,3568,T
3187,3568,T
3188,2987,F
3189,3569,T
3190,3569,T
3191,2988,F
3192,2997,F
3193,3570,T
3194,3570,T
3195,3571,T
3196,2988A,F
3197,3571,T
3198,3572,T
3199,4899,F
3200,2989,F
3201,3211,T
3202,3595,T
3203,2989A,F
3204,3212,F
3205,2989B,F
3206,3250,F
3207,3251,F
3208,2990,F
3209,2991,F
3210,2992,F
3211,2993,F
3212,2994,F
3213,3252,F
3214,3253,F
3215,2998,F
3216,2999,F
3217,3000A,F
3218,3254,F
3219,2999A,F
3220,3256,F
3221,3595,T
3222,2999B,F
3223,3000,F
3224,3572,T
3225,3573,T
3226,4024,F
3227,3000B,F
3228,3003,F
3229,4025,F
3230,3000C,F
3231,3506,T
3232,3001,F
3233,3001A,F
3234,3507,F
3235,3508,T
3236,3508,T
3237,3509,T
3238,3001B,F
3239,3002,F
3240,4026,F
3241,3004,F
3242,3004B,F
3243,3509,T
3244,3509,T
3245,3510,T
3246,3510,T
3247,3510,T
3248,3005,F
3249,3583,T
3250,3005B,F
3251,3511,T
3252,3511,T
3253,3005C,F
3254,3027A,F
3255,3511,T
3256,3005D,F
3257,3006,T
3258,3006,T
3259,3006A,F
3260,3511,T
3261,3512,F
3262,3007,F
3263,3513,T
3264,3008,F
3265,3009,F
3266,3513,T
3267,3514,T
3268,3010,F
3269,3011,F
3270,3028A,F
3271,3028B,F
3272,3011A,F
3273,3047,F
3274,3048,F
3275,3517,F
3276,3518,T
3277,3012,F
3278,3059,F
3279,3060,F
3280,3518,T
3281,3013,F
3282,3062,F
3283,3063,F
3284,3064,F
3285,3596,T
3286,3013A,F
3287,3013B,F
3288,3065,F
3289,3596,T
3290,3014,F
3291,3015,F
3292,3026,F
3293,3066,F
3294,3029C,F
3295,3030,F
3296,3100,F
3297,3031A,F
3298,3032A,T
3299,3032A,T
3300,3033,F
3301,3034,F
3302,3035,F
3303,3101,F
3304,4039,F
3305,3036,F
3306,3037,F
3307,3038,F
3308,3039,F
3309,3040,F
3310,3519,T
3311,3519,T
3312,3041,F
3313,3042,T
3314,3102,F
3315,3042,T
3316,3108,F
3317,3735,T
3318,3043,F
3319,3044,F
3320,3735A,F
3321,3045,F
3322,3046,F
3323,3049,F
3324,3050,F
3325,3051,F
3326,3052,F
3327,3053,F
3328,3054,F
3329,3069,F
3330,3074,F
3331,4040,F
3332,3070,F
3333,3520,F
3334,4041,F
3335,3071,F
3336,3521,T
3337,3521,T
3338,3584,T
3339,3072,F
3340,3530,T
3341,3072A,F
3342,3531,T
3343,4042,F
3344,3073,F
3345,3531,T
3346,4043,F
3347,3076,T
3348,3532,T
3349,3532,T
3350,3532,T
3351,3736,T
3352,3076,T
3353,3109,F
3354,3076A,F
3355,3077,T
3356,3077,T
3357,3078,F
3358,3533,T
3359,3080,F
3360,3110,F
3361,3081,F
3362,3111,F
3363,4044,F
3364,3082,F
3365,3533,T
3366,3533,T
3367,4045,F
3368,3083,F
3369,3534,T
3370,3084,F
3371,3534,T
3372,3535,F
3373,3536,T
3374,3085,F
3375,3103,F
3376,3112,F
3377,3104,F
3378,3105,F
3379,3105A,F
3380,3536,T
3381,4046,F
3382,3106,F
3383,3107,F
3384,3113,F
3385,3114,F
3386,3137,F
3387,3138,F
3388,3139,F
3389,3140,F
3390,3141,F
3391,3142,F
3392,4052,F
3393,3144A,F
3394,3165,F
3395,3144B,F
3396,3537,T
3397,3537,T
3398,3144C,F
3399,3538,T
3400,4058,F
3401,4059,F
3402,3145,F
3403,3146,F
3404,3147,F
3405,4060,F
3406,4061,F
3407,3154,F
3408,3166,F
3409,3167,F
3410,3175,F
3411,4062,F
3412,3168,F
3413,3181,F
3414,3169,F
3415,3173,F
3416,3174,F
3417,3182,F
3418,3176,F
3419,3177,F
3420,3178,F
3421,3184,F
3422,3185,F
3423,3179,F
3424,3180,F
3425,4063,F
3426,3196,F
3427,3197,F
3428,3596,T
3429,3198,F
3430,3199,F
3431,3202,F
3432,3203,F
3433,3538,T
3434,3539,F
3435,4090,F
3436,3204,F
3437,3206,F
3438,3207,F
3439,3540,T
3440,3540,T
3441,3208A,F
3442,3209,F
3443,3210,F
3444,3211,T
3445,4091,F
3446,3257,F
3447,3522,T
3448,3541,T
3449,4900,F
3450,3258,F
3451,3265,F
3452,3259,F
3453,3266A,F
3454,3522,T
3455,3260,F
3456,3541,T
3457,3261,F
3458,3522,T
3459,3262,F
3460,3263,F
3461,3542,F
3462,3543,F
3463,3264,F
3464,3544,T
3465,3267,F
3466,3544,T
3467,3269,F
3468,3283,T
3469,3283,T
3470,3545,T
3471,3270,F
3472,3502,T
3473,3271,F
3474,3502,T
3475,4003,F
3476,3272,F
3477,3273,F
3478,3274,F
3479,4023,F
3480,3275,F
3481,3545,T
3482,3275A,F
3483,3546,F
3484,3547,T
3485,3276,F
3486,3277,F
3487,3504,T
3488,3278,F
3489,3504,T
3490,3504,T
3491,3279,F
3492,3504,T
3493,3505,F
3494,3280,F
3495,3506,T
3496,3281,F
3497,3282,F
3498,3547,T
3499,3548,T
3500,3283,T
3501,3283,T
3502,3283,T
3503,3501,F
3504,3502,T
3505,3514,T
3506,3515,F
3507,3516,T
3508,3516,T
3509,3523,F
3510,3524,F
3511,3525,T
3512,3525,T
3513,3526,T
3514,3526,T
3515,3527,F
3516,3528,F
3517,3548,T
3518,3529,T
3519,3529,T
3520,3530,T
3521,3585,T
3522,3585,T
3523,3586,F
3524,3587,T
3525,3587,T
3526,3588,T
3527,3588,T
3528,3588,T
3529,3589,T
3530,3589,T
3531,3589,T
3532,3597,F
3533,3598,T
3534,3598,T
3535,3599,F
3536,3600,T
3537,3600,T
3538,3601,T
3539,3736,T
3540,3601,T
3541,3602,T
3542,3602,T
3543,3603,T
3544,3603,T
3545,3604,T
3546,3604,T
3547,3604,T
3548,3606,T
3549,3607,T
3550,3607,T
3551,3608,T
3552,3608,T
3553,3609,T
3554,3609,T
3555,3609,T
3556,3610,T
3557,3610,T
3558,3736,T
3559,3612,T
3560,3612,T
3561,3613,T
3562,3613,T
3563,3614,T
3564,3614,T
3565,3615,T
3566,3615,T
3567,3616,T
3568,3616,T
3569,3617,T
3570,3736,T
3571,3617,T
3572,3618,T
3573,3618,T
3574,3618,T
3575,3618,T
3576,3619,T
3577,3619,T
3578,3620,T
3579,3620,T
3580,3621,T
3581,3621,T
3582,3622,T
3583,3622,T
3584,3623,F
3585,3624,F
3586,3625,F
3587,3626,F
3588,3627,F
3589,3628,F
3590,3629,F
3591,3630,F
3592,3631,T
3593,3631,T
3594,3632,T
3595,3632,T
3596,3633,F
3597,3634,F
3598,3635,F
3599,3736,T
3600,3640,T
3601,3641,T
3602,3641,T
3603,3642,T
3604,3642,T
3605,3643,T
3606,3643,T
3607,3644,F
3608,3645,F
3609,3646,F
3610,3647,F
3611,3649,F
3612,3650,F
3613,3651,T
3614,3651,T
3615,3651,T
3616,3652,T
3617,3652,T
3618,3652,T
3619,3653,F
3620,3654,F
3621,3655,F
3622,3737,F
3623,3738,F
3624,3656,F
3625,3701,F
3626,3702,F
3627,3703,T
3628,3703,T
3629,3704,T
3630,3704,T
3631,3704,T
3632,3704,T
3633,3705,T
3634,3705,T
3635,3705Z,F
3636,3706,F
3637,3725,T
3638,3725,T
3639,3725,T
3640,3726,T
3641,3726,T
3642,3726,T
3643,3726,T
3644,3726,T
3645,3727,T
3646,3727,T
3647,3727,T
3648,3727,T
3649,3728,T
3650,3728,T
3651,3730,T
3652,3730,T
3653,3730,T
3654,3730,T
3655,3731,T
3656,3731,T
3657,3731,T
3658,3731,T
3659,3732,T
3660,3732,T
3661,3732,T
3662,3733,T
3663,3739,F
3664,3743,F
3665,3744,F
3666,3745,F
3667,3746,F
3668,3747,F
3669,3748,F
3670,3749,T
3671,3749,T
3672,3749,T
3673,3760,T
3674,3749,T
3675,3750,T
3676,3750,T
3677,3751,T
3678,3751,T
3679,3751,T
3680,3752,T
3681,3752,T
3682,3752,T
3683,3753,T
3684,3753,T
3685,3753,T
3686,3753,T
3687,3754,T
3688,3755,T
3689,3755,T
3690,3755,T
3691,3756,T
3692,3756,T
3693,3757,F
3694,3758,F
3695,3759,T
3696,3759,T
3697,3759,T
3698,3762,T
3699,3763,T
3700,3763,T
3701,3764,F
3702,3765,F
3703,3766,F
3704,3767,F
3705,3768,F
3706,3769,F
3707,3770,T
3708,3770,T
3709,3771,F
3710,3773,F
3711,3774,T
3712,3774,T
3713,3775,T
3714,3775,T
3715,3775,T
3716,3775,T
3717,3777,F
3718,3778,F
3719,3779,T
3720,3779,T
3721,3775,T
3722,3775,T
3723,3775,T
3724,3775,T
3725,3776,T
3726,3776,T
3727,3776,T
3728,3776,T
3729,3776,T
3730,3780,F
3731,3781,F
3732,3782,F
3733,3783,F
3734,3784,F
3735,3785,T
3736,3785,T
3737,3786,T
3738,3786,T
3739,3787,T
3740,3787,T
3741,3787,T
3742,3788,T
3743,3788,T
3744,3789,T
3745,3789,T
3746,3790,F
3747,3791,F
3748,3792,T
3749,3792,T
3750,3797,T
3751,3797,T
3752,3799,F
3753,3800,F
3754,3801,F
3755,3802,F
3756,3803,F
3757,3806,T
3758,3806,T
3759,3807,F
3760,3808,F
3761,3809,F
3762,3810,F
3763,3820,F
3764,3821,F
3765,3834,F
3766,3899,F
3767,3903,T
3768,3904,F
3769,3905,F
3770,3906,F
3771,3907,F
3772,3901,F
3773,3902,F
3774,3903,T
3775,3908,F
3776,3909,F
3777,3923,F
3778,3924,F
3779,3925,T
3780,3925,T
3781,3926,T
3782,3926,T
3783,3927,F
3784,3928,F
3785,3930A,F
3786,3931A,F
3787,3932,F
3788,3933,F
3789,3934,F
3790,3935,F
3791,3936,F
3792,3937,F
3793,3938,F
3794,3939,F
3795,3939A,F
3796,3940,F
3797,3941,F
3798,3943,F
3799,3948,F
3800,3949,F
3801,3950,F
3802,3951,F
3803,3977,F
3804,3978,F
3805,3979,F
3806,3980,F
3807,3981,F
3808,3983,F
3809,3984,F
3810,3985,F
3811,3986,F
3812,3987,F
3813,3992,F
3814,3994,F
3815,3995,F
3816,3996,F
3817,3997,F
3818,3998,F
3819,3999,F
3820,4000,F
3821,4001,F
3822,4002,F
3823,4004,F
3824,4005,F
3825,4006,F
3826,4007,F
3827,4008,F
3828,4009,F
3829,4010,F
3830,4011,F
3831,4012,F
3832,4013,F
3833,4014,F
3834,4015,F
3835,4016,F
3836,4017,F
3837,4018,F
3838,4019,F
3839,4020,F
3840,4021,F
3841,4022,F
3842,4027,F
3843,4028,F
3844,4029,F
3845,4030,F
3846,4031,F
3847,4032,F
3848,4033,F
3849,4034,F
3850,4035,F
3851,4036,F
3852,4037,F
3853,4038,F
3854,4064,F
3855,4065,F
3856,4066,F
3857,4067,F
3858,4068,F
3859,4069,F
3860,4070,F
3861,4071,F
3862,4072,F
3863,4073,F
3864,4074,F
3865,4075,F
3866,4076,F
3867,4077,F
3868,4078,F
3869,4079,F
3870,4080,F
3871,4081,F
3872,4082,F
3873,4083,F
3874,4084,F
3875,4085,F
3876,4086,F
3877,4087,F
3878,4088,F
3879,4089,F
3880,4093,T
3881,4093,T
3882,4094,F
3883,4095,T
3884,4107,F
3885,4095,T
3886,4096,T
3887,4096,T
3888,4097,F
3889,4098,F
3890,4108,F
3891,4109,F
3892,4110,F
3893,4099,F
3894,4100,F
3895,4101,T
3896,4101,T
3897,4102,F
3898,4103,F
3899,4104,F
3900,4105,F
3901,4106,F
3902,4111,F
3903,4120,F
3904,4142,F
3905,4143,F
3906,4144,F
3907,4145,F
3908,4146,F
3909,4147,F
3910,4148,F
3911,4149,F
3912,4150,F
3913,4901,F
3914,4151,F
3915,4152,F
3916,4153,F
3917,4154,F
3918,4157,F
3919,4158,F
3920,4159,F
3921,4160,F
3922,4161,F
3923,4162,T
3924,4162,T
3925,4163,F
3926,4167,T
3927,4167,T
3928,4168,F
3929,4169,F
3930,4170,T
3931,4170,T
3932,4171,T
3933,4171,T
3934,4172,F
3935,4173,F
3936,4175,F
3937,4202,F
3938,4262,F
3939,4206,F
3940,4207,F
3941,4208,F
3942,4209,F
3943,4210,F
3944,4211,F
3945,4212,F
3946,4213,F
3947,4214,F
3948,4215,F
3949,4216,F
3950,4217,F
3951,4318,F
3952,4324,F
3953,4218,F
3954,4219,F
3955,4220,F
3956,4221A,F
3957,4222A,F
3958,4220A,F
3959,4247,F
3960,4259,F
3961,4260,F
3962,4261,F
3963,4223,F
3964,4224,F
3965,4226,F
3966,4227,F
3967,4228,F
3968,4229,F
3969,4230,F
3970,4231,F
3971,4232,F
3972,4238,F
3973,4239,F
3974,4240,F
3975,4241,F
3976,4244,F
3977,4245,F
3978,4246,F
3979,4263,F
3980,4264,F
3981,4265,F
3982,4266,F
3983,4267,F
3984,4268,F
3985,4269,F
3986,4270,F
3987,4271,F
3988,4272,F
3989,4273,F
3990,4274,F
3991,4275,F
3992,4276,F
3993,4277,F
3994,4279,F
3995,4280,F
3996,4281A,F
3997,4327A,F
3998,4328A,F
3999,4282A,F
4000,4283B,F
4001,4285B,F
4002,4287,F
4003,4288,F
4004,4290,F
4005,4291,F
4006,4292,F
4007,4293,F
4008,4294,F
4009,4295,F
4010,4296,F
4011,4297,F
4012,4298,F
4013,4299,F
4014,4300,F
4015,4301,F
4016,4302,F
4017,4303,F
4018,4329,F
4019,4304,F
4020,4308,F
4021,4310,F
4022,4313,F
4023,4314,F
4024,4315,F
4025,4316,F
4026,4317,F
4027,4358,F
4028,4334,F
4029,4335,F
4030,4336,F
4031,4337,F
4032,4338,F
4033,4339,F
4034,4341,F
4035,4342,F
4036,4377,F
4037,4653,F
4038,4343,F
4039,4346,F
4040,4347,F
4041,4347A,F
4042,4347B,F
4043,4349,F
4044,4352,F
4045,4353,F
4046,4355,F
4047,4356,F
4048,4357,F
4049,4378,F
4050,4379,F
4051,4380,F
4052,4381,F
4053,4382,F
4054,4501,F
4055,4580,F
4056,4586,F
4057,4587,F
4058,4591A,T
4059,4591A,T
4060,4591A,T
4061,4654,F
4062,4902,F
4063,4591A,T
4064,4591D,F
4065,4713,T
4066,4591B,T
4067,4591B,T
4068,4596,F
4069,4597,F
4070,4598,F
4071,4789,F
4072,4591B,T
4073,4602A,F
4074,4867,F
4075,4603A,F
4076,4606,F
4077,4607,F
4078,4620,F
4079,4604A,F
4080,4605,F
4081,4623A,F
4082,4629A,F
4083,4630,F
4084,4631,F
4085,4644,F
4086,4645,F
4087,4646,T
4088,4646,T
4089,4700,T
4090,4700,T
4091,4700,T
4092,4700,T
4093,4732,F
4094,4700,T
4095,4700,T
4096,4700,T
4097,4733,F
4098,4734,F
4099,4755,F
4100,4700,T
4101,4710,F
4102,4711,T
4103,4711,T
4104,4711,T
4105,4711,T
4106,4711,T
4107,4711,T
4108,4712,T
4109,4712,T
4110,4712,T
4111,4756,F
4112,4757,F
4113,4758,F
4114,4712,T
4115,4713,T
4116,4909,F
4117,4713,T
4118,4714,T
4119,4759,F
4120,4714,T
4121,4715,T
4122,4760,F
4123,4761,F
4124,4762,F
4125,4763,F
4126,4764,F
4127,4785,F
4128,4786,F
4129,4910,F
4130,4715,T
4131,4787,F
4132,4788,F
4133,4912,F
4134,4715,T
4135,4720,T
4136,4720,T
4137,4730,F
4138,4731,F
4139,4868,F
4140,4869,F
4141,4790,F
4142,4791,F
4143,4792,F
4144,4793,F
4145,4794,F
4146,4805,F
4147,4806,F
4148,4807,F
4149,4808,F
4150,4809,F
4151,4810,F
4152,4811,F
4153,4812,F
4154,4813,F
4155,4814,F
4156,4825,F
4157,4827,F
4158,4828,F
4159,4829,F
4160,4830,F
4161,4831,F
4162,4832,F
4163,4844,F
4164,4845,F
4165,4846,F
4166,4847,F
4167,4848,F
4168,4849,F
4169,4850,F
4170,4851,F
4171,4852,F
4172,4853,F
4173,4865,F
4174,4866,F
4175,4884,T
4176,4886,F
4177,4890,F
4178,4891,F
4179,4892,F
4180,4914,F
4181,4917,F
4182,4918,F
4183,4921,F
4184,4922,F
4185,4923,F
4186,4924,F
4187,4925,F
4188,4926,F
4189,4927,F
4190,4928,F
4191,4929,F
4192,4930,F
4193,4931,F
4194,4934,F
4195,4935,F
4196,4936,F
4197,4937,F
4198,4956,F
4199,4938,F
4200,4939,F
4201,4940,F
4202,4941,F
4203,4942,F
4204,4943,F
4205,4944,F
4206,4945,F
4207,4950,F
4208,4951,F
4209,4952,F
4210,4991,T
4211,4991,T
4212,4957,F
4213,4958,F
4214,4960,F
4215,4963,T
4216,4963,T
4217,4964,F
4218,4965,F
4219,4966,F
4220,4967,F
4221,4968,F
4222,4991,T
4223,4969,F
4224,4970,F
4225,4971,F
4226,4972,F
4227,4973,F
4228,4974,F
4229,4975,F
4230,4976,F
4231,4977,F
4232,4981,F
4233,4982,F
4234,4983,F
4235,4984,F
4236,4991,T
4237,4991,T
4238,4991,T
4239,5258,F
4240,4991,T
4241,5023,T
4242,5023,T
4243,4991A,F
4244,4993,F
4245,4994,F
4246,4995,F
4247,4996,F
4248,5005,F
4249,5015,F
4250,5087,F
4251,5090,F
4252,5016,F
4253,5017,T
4254,5017,T
4255,5017,T
4256,5091,F
4257,5025,F
4258,5027,F
4259,5037,T
4260,5037,T
4261,5044,F
4262,5045,F
4263,5046,F
4264,5092,F
4265,5099,T
4266,5099,T
4267,5100,F
4268,5259,F
4269,5054A,T
4270,5101,F
4271,5260,T
4272,5260,T
4273,5262,F
4274,5054A,T
4275,5060,F
4276,5062,F
4277,5066B,F
4278,5067,F
4279,5264,F
4280,5268,T
4281,5065A,F
4282,5072,F
4283,5073,F
4284,5076,T
4285,5067A,F
4286,5076,T
4287,5102,F
4288,5104,F
4289,5107,F
4290,5201,F
4291,5278,T
4292,5278,T
4293,5068,F
4294,5069,F
4295,5070,F
4296,5071,F
4297,5225,F
4298,5079,F
4299,5080,F
4300,5081,F
4301,5082,F
4302,5083,F
4303,5084,F
4304,5203,T
4305,5226,F
4306,5227,F
4307,5228,F
4308,5203,T
4309,5211,F
4310,5212,F
4311,5214,T
4312,5214,T
4313,5215,F
4314,5216,F
4315,5217,F
4316,5235,T
4317,5235,T
4318,5236,F
4319,5237,F
4320,5239,F
4321,5240,F
4322,5241,F
4323,5242,T
4324,5242,T
4325,5246,F
4326,5249,F
4327,5250,F
4328,5253,T
4329,5253,T
4330,5254,F
4331,5255,F
4332,5518,F
4333,5268,T
4334,5268,T
4335,5269,T
4336,5279,F
4337,5280,F
4338,5305,F
4339,5306,T
4340,5269,T
4341,5269,T
4342,5269,T
4343,5272,F
4344,5273,F
4345,5274,F
4346,5281,F
4347,5282,T
4348,5282,T
4349,5282,T
4350,5284A,T
4351,5284A,T
4352,5296,T
4353,5297,F
4354,5302,F
4355,5303,F
4356,5284A,T
4357,5284A,T
4358,5285A,F
4359,5286A,F
4360,5287,F
4361,5290,F
4362,5291,T
4363,5291,T
4364,5295,F
4365,5296,T
4366,5307,F
4367,5308,F
4368,5309,F
4369,5310,F
4370,5311,T
4371,5311,T
4372,5312,F
4373,5313,F
4374,5314,F
4375,5315,F
4376,5322,T
4377,5322,T
4378,5323,F
4379,5317,F
4380,5318,F
4381,5319,F
4382,5320,T
4383,5320,T
4384,5320,T
4385,5321,F
4386,5324,F
4387,5325,F
4388,5326,F
4389,5327,F
4390,5328,F
4391,5329,F
4392,5331,F
4393,5379,T
4394,5574,F
4395,5330,T
4396,5330,T
4397,5340,F
4398,5332,F
4399,5333,F
4400,5334,F
4401,5335,F
4402,5575,F
4403,5335A,F
4404,5335B,F
4405,5341,F
4406,5576,F
4407,5335C,F
4408,5336,T
4409,5336,T
4410,5337,T
4411,5337,T
4412,5338,F
4413,5339,F
4414,5342,F
4415,5343,F
4416,5345,F
4417,5346,F
4418,5347,F
4419,5577,F
4420,5348,F
4421,5350,F
4422,5351,F
4423,5360,F
4424,5361,F
4425,5362,F
4426,5368,F
4427,5369,F
4428,5435,F
4429,5353,F
4430,5376,F
4431,5440A,F
4432,5353A,F
4433,5353B,F
4434,5377,F
4435,5378,F
4436,5354,F
4437,5354A,F
4438,5379,T
4439,5447,F
4440,5355,F
4441,5356,F
4442,5357,F
4443,5358,F
4444,5359,F
4445,5370,F
4446,5371,F
4447,5372,T
4448,5372,T
4449,5644,T
4450,5372A,F
4451,5373,T
4452,5373,T
4453,5374,F
4454,5375,T
4455,5375,T
4456,5380,F
4457,5381,F
4458,5402,F
4459,5382,F
4460,5384D,F
4461,5385,F
4462,5409,F
4463,5383,F
4464,5386,F
4465,5387,F
4466,5384,F
4467,5410,F
4468,5411,F
4469,5384A,F
4470,5413,F
4471,5464,F
4472,5384B,F
4473,5391,F
4474,5418,F
4475,5419,T
4476,5384C,F
4477,5395,F
4478,5396,F
4479,5392,F
4480,5393,F
4481,5394,F
4482,5419,T
4483,5420,F
4484,5421,F
4485,5397,F
4486,5399,F
4487,5423A,F
4488,5425,F
4489,5398,F
4490,5400,F
4491,5426,F
4492,5644,T
4493,5403,F
4494,5404,F
4495,5405,F
4496,5406,F
4497,5407,F
4498,5408,F
4499,5414,F
4500,5415,T
4501,5415,T
4502,5417,F
4503,5428B,F
4504,5428G,F
4505,5429,F
4506,5431A,F
4507,5428C,F
4508,5428D,F
4509,5431B,F
4510,5434A,F
4511,5428E,F
4512,5428F,F
4513,5434B,F
4514,5526,F
4515,5436,F
4516,5437,F
4517,5438,F
4518,5439,F
4519,5448,F
4520,5449,F
4521,5450,F
4522,5466,T
4523,5451,F
4524,5457,F
4525,5458,F
4526,5461,F
4527,5462,F
4528,5463,F
4529,5465,T
4530,5465,T
4531,5917,F
4532,5466,T
4533,5467,F
4534,5468,F
4535,5469,F
4536,5470,F
4537,5471,F
4538,5472,T
4539,5472,T
4540,5473,F
4541,5474,T
4542,5474,T
4543,5475,F
4544,5476,F
4545,5535,F
4546,5477,T
4547,5477,T
4548,5478,F
4549,5479,F
4550,5501,F
4551,5502,F
4552,5503,F
4553,5504,F
4554,5480,F
4555,5481,F
4556,5482,F
4557,5483,F
4558,5505,F
4559,5506,F
4560,5510,F
4561,5511,F
4562,5512,F
4563,5513,F
4564,5514,F
4565,5515,F
4566,5516,F
4567,5517,F
4568,5519,F
4569,5520,F
4570,5521,F
4571,5522,F
4572,5523,F
4573,5524,F
4574,5525,F
4575,5536,F
4576,5527,F
4577,5528,T
4578,5528,T
4579,5529,F
4580,5530,F
4581,5531,F
4582,5532,F
4583,5533,F
4584,5534,F
4585,5536A,F
4586,5537,F
4587,5538,F
4588,5539,F
4589,5540,F
4590,5541,F
4591,5542,F
4592,5543,F
4593,5544,F
4594,5545,F
4595,5547,F
4596,5548,T
4597,5645,F
4598,5548,T
4599,5548,T
4600,5548,T
4601,5548,T
4602,5548,T
4603,5548,T
4604,5548,T
4605,5548,T
4606,5548,T
4607,5549,F
4608,5582,F
4609,5550,F
4610,5559,F
4611,5560,F
4612,5572,F
4613,5551,F
4614,5554,F
4615,5555,F
4616,5556,F
4617,5557,F
4618,5573,F
4619,5583,F
4620,5584,F
4621,5597A,F
4622,5611,F
4623,5648,F
4624,5585,F
4625,5598,F
4626,5586,F
4627,5610,F
4628,5610A,T
4629,5610A,T
4630,5587,F
4631,5588A,F
4632,5589A,F
4633,5590A,F
4634,5594,F
4635,5595,F
4636,5596,F
4637,5607,T
4638,5607,T
4639,5609,F
4640,5612,F
4641,5613,F
4642,5614,F
4643,5615,F
4644,5616,T
4645,5616,T
4646,5617,F
4647,5618,F
4648,5619,F
4649,5620,F
4650,5621,F
4651,5622,F
4652,5623,F
4653,5624,F
4654,5637,F
4655,5625,F
4656,5626,F
4657,5627,T
4658,5627,T
4659,5628,T
4660,5628,T
4661,5629,T
4662,5629,T
4663,5638,F
4664,5646,F
4665,5647,F
4666,5689,T
4667,5632,T
4668,5632,T
4669,5633,F
4670,5634,F
4671,5635,F
4672,5636,F
4673,5639,T
4674,5639,T
4675,5640,T
4676,5640,T
4677,5640,T
4678,5640,T
4679,5641,T
4680,5641,T
4681,5641,T
4682,5642,T
4683,5642,T
4684,5643,T
4685,5649,F
4686,5650,F
4687,5651,F
4688,5652,F
4689,5653,F
4690,5654,F
4691,5655,F
4692,5656,F
4693,5657,F
4694,5658,F
4695,5689,T
4696,5659,F
4697,5660,F
4698,5661,F
4699,5662,F
4700,5663,F
4701,5664,F
4702,5665,F
4703,5666,F
4704,5667,F
4705,5668,F
4706,5690,T
4707,5669,F
4708,5670,F
4709,5671,F
4710,5672,T
4711,5672,T
4712,5673,T
4713,5673,T
4714,5674,F
4715,5675,F
4716,5690,T
4717,5676,F
4718,5677,F
4719,5678,F
4720,5680,F
4721,5681,F
4722,5682,F
4723,5683,F
4724,5684,F
4725,5685,F
4726,5686,F
4727,5687,F
4728,5688,F
4729,5697,F
4730,5698,F
4731,5699,F
4732,5700,F
4733,5701,F
4734,5702,F
4735,5703,F
4736,5704,F
4737,5705,F
4738,5706,F
4739,5707,F
4740,5708,F
4741,5709,F
4742,5710,F
4743,5712,F
4744,5713,F
4745,5714,F
4746,5715,F
4747,5716,F
4748,5717,F
4749,5725,F
4750,5718,F
4751,5719,T
4752,5719,T
4753,5720,F
4754,5721,F
4755,5722,F
4756,5723,F
4757,5724,F
4758,5726,F
4759,5727,F
4760,5728,F
4761,5729,F
4762,5730,F
4763,5731,F
4764,5733A,F
4765,5740,F
4766,5741,F
4767,5742,F
4768,5743,F
4769,5807,F
4770,5808,F
4771,5734,F
4772,5735,F
4773,5736,F
4774,5737,F
4775,5738,F
4776,5739,F
4777,5744,F
4778,5745,F
4779,5746,F
4780,5801,F
4781,5802,F
4782,5806,F
4783,5803,F
4784,5804,F
4785,5805,F
4786,5810,F
4787,5811,F
4788,5812,F
4789,5813,F
4790,5814,F
4791,5815,F
4792,5816,F
4793,5817,T
4794,5817,T
4795,5819,F
4796,5820,F
4797,5821,T
4798,5821,T
4799,5822,F
4800,5823,F
4801,5825,F
4802,5826,F
4803,5827,F
4804,5828,F
4805,5831,F
4806,5846,F
4807,5847,F
4808,5832,F
4809,5848,F
4810,5849,F
4811,5850,F
4812,5851,F
4813,5852,F
4814,6172,F
4815,5833,F
4816,5834,F
4817,5835,F
4818,5853,F
4819,5855,F
4820,5856,F
4821,5836,F
4822,5857,F
4823,5858,F
4824,5837,F
4825,5859,F
4826,6352,F
4827,5838,F
4828,5860,F
4829,5882,F
4830,5839,F
4831,5840,F
4832,5883,F
4833,5884,F
4834,6353,F
4835,5841,F
4836,5862,F
4837,5891,F
4838,5842,F
4839,5843,T
4840,5843,T
4841,5843,T
4842,5918,F
4843,5861,F
4844,5862A,F
4845,5866,F
4846,5867,F
4847,5863,F
4848,5868,F
4849,5869,F
4850,5864,F
4851,5870,F
4852,5892,F
4853,5919,F
4854,6173,F
4855,5865,F
4856,5879,F
4857,5871,F
4858,5872,F
4859,5873,F
4860,5874,F
4861,5875,F
4862,5876,F
4863,5877,F
4864,5878,F
4865,5886,F
4866,5920,F
4867,5921,F
4868,5887,F
4869,5893,F
4870,5888,F
4871,5889,F
4872,5890,F
4873,5894,F
4874,5895,F
4875,5896,F
4876,5897,F
4877,5898,F
4878,5903,F
4879,5904,F
4880,5905,F
4881,5907,F
4882,5908,F
4883,5909,F
4884,5910,F
4885,5899,F
4886,5911,F
4887,5912,F
4888,5913,F
4889,5914,F
4890,5915,F
4891,5916,F
4892,5900,F
4893,5900A,F
4894,5902,F
4895,5922,F
4896,5923,F
4897,5924,F
4898,5925,F
4899,5926,F
4900,5927,F
4901,5928,F
4902,5929,F
4903,5930,F
4904,5931,F
4905,5932,F
4906,5933,F
4907,6354,F
4908,5934,F
4909,5935,F
4910,5936,F
4911,5937,F
4912,5938,F
4913,5939,F
4914,5940,F
4915,5941,F
4916,5942,F
4917,5943,F
4918,5944,F
4919,5945,F
4920,5946,F
4921,5947,F
4922,5976,F
4923,5948,F
4924,5949,F
4925,5950,F
4926,5951,F
4927,5952,F
4928,5955,F
4929,5956,F
4930,5957,F
4931,5958,F
4932,6355,F
4933,5959,F
4934,5960,F
4935,5961,F
4936,5977,F
4937,5963,F
4938,5963A,F
4939,5964,F
4940,5965,F
4941,5966,F
4942,5967,F
4943,5968,F
4944,5978,F
4945,5982,F
4946,5969,F
4947,5970,F
4948,5979,F
4949,5980,F
4950,5981,F
4951,5983,F
4952,5985,F
4953,5971,F
4954,5972,F
4955,5973,F
4956,5975,F
4957,5986,F
4958,5987,F
4959,5988,F
4960,5991,T
4961,5991,T
4962,5992,F
4963,5992A,T
4964,5996,F
4965,5992A,T
4966,5993,F
4967,5995,F
4968,6003,F
4969,6004,F
4970,6005,F
4971,6006,F
4972,6007,F
4973,6008,F
4974,6009,F
4975,6010,F
4976,6011,F
4977,6012,F
4978,6013,F
4979,6014,F
4980,6015,F
4981,6016,F
4982,6017,F
4983,6018,F
4984,6019,F
4985,6020,F
4986,6021,F
4987,6022,F
4988,6023,F
4989,6024,F
4990,6025,F
4991,6034,F
4992,6035,F
4993,6048,F
4994,6049,F
4995,6118,F
4996,6036,F
4997,6037,F
4998,6038,F
4999,6042,F
5000,6043,F
5001,6044,F
5002,6045,F
5003,6046,F
5004,6047,F
5005,6050,F
5006,6051,F
5007,6052,F
5008,6053,F
5009,6054,F
5010,6055,F
5011,6062,F
5012,6074,F
5013,6075,F
5014,6076,F
5015,6077,F
5016,6071,F
5017,6072,F
5018,6073,F
5019,6078,F
5020,6079,F
5021,6080,F
5022,6081,F
5023,6082,F
5024,6083,F
5025,6084,F
5026,6085,F
5027,6158,F
5028,6086,F
5029,6087,F
5030,6088,F
5031,6089,F
5032,6090,F
5033,6091,F
5034,6092,F
5035,6093,F
5036,6256,F
5037,6094,F
5038,6095,F
5039,6096,F
5040,6112,F
5041,6113,F
5042,6114,F
5043,6115,F
5044,6116,F
5045,6117,T
5046,6117,T
5047,6119,F
5048,6120,F
5049,6121,F
5050,6122,F
5051,6123,F
5052,6124,F
5053,6125,F
5054,6126,F
5055,6128,F
5056,6129,F
5057,6159,F
5058,6130,F
5059,6131,F
5060,6147,F
5061,6148,F
5062,6149,F
5063,6150,F
5064,6153,F
5065,6154,F
5066,6155,F
5067,6156,F
5068,6157,F
5069,6160,F
5070,6161,F
5071,6162,F
5072,6163,F
5073,6164,F
5074,6165,F
5075,6166,F
5076,6167,F
5077,6168,F
5078,6169,F
5079,6170,F
5080,6171,F
5081,6174,F
5082,6175,F
5083,6176,F
5084,6177,F
5085,6178,F
5086,6179,F
5087,6188,F
5088,6189,F
5089,6190,T
5090,6190,T
5091,6191,F
5092,6192,F
5093,6193,F
5094,6194,F
5095,6195,F
5096,6196,F
5097,6197,F
5098,6198,F
5099,6199,F
5100,6200,F
5101,6201,F
5102,6202,F
5103,6203,F
5104,6207,F
5105,6208,F
5106,6204,F
5107,6205,F
5108,6206,F
5109,6209,F
5110,6210,F
5111,6220,F
5112,6221,T
5113,6221,T
5114,6233,F
5115,6234,F
5116,6235,F
5117,6236,F
5118,6237,F
5119,6238,F
5120,6239,F
5121,6240,F
5122,6243,F
5123,6244,F
5124,6245,F
5125,6246,F
5126,6247,F
5127,6248,F
5128,6249,F
5129,6250,F
5130,6251,F
5131,6252,F
5132,6253,F
5133,6254,F
5134,6255,F
5135,6257,F
5136,6258,F
5137,6259,F
5138,6260,F
5139,6272,F
5140,6273,F
5141,6274,F
5142,6275,F
5143,6276,F
5144,6348,F
5145,6277,F
5146,6278,F
5147,6279,F
5148,6280,F
5149,6281,F
5150,6282,F
5151,6283,F
5152,6284,F
5153,6284A,F
5154,6297,F
5155,6298,F
5156,6299,F
5157,6300,F
5158,6301,F
5159,6302,F
5160,6303,F
5161,6304,F
5162,6305,F
5163,6306,F
5164,6307,F
5165,6308,F
5166,6309,F
5167,6309B,F
5168,6309C,F
5169,6309D,F
5170,6349,F
5171,6310,F
5172,6313,F
5173,6526,T
5174,6311,F
5175,6320,F
5176,6312,F
5177,6321,F
5178,6350,F
5179,6314,F
5180,6345,F
5181,6315,F
5182,6316,F
5183,6317,F
5184,6318,F
5185,6319,F
5186,6322,F
5187,6323,F
5188,6346,T
5189,6346,T
5190,6347,F
5191,6527,T
5192,6324,F
5193,6331,F
5194,6547,F
5195,6325,F
5196,6332,F
5197,6338,F
5198,6326,F
5199,6339,F
5200,6327,F
5201,6340,F
5202,6341,F
5203,6342,F
5204,6328,T
5205,6328,T
5206,6343,F
5207,6344,F
5208,6351,F
5209,6356,F
5210,6357,F
5211,6358,F
5212,6359,T
5213,6363,F
5214,6359,T
5215,6373,F
5216,6480,T
5217,6360,F
5218,6361,F
5219,6362,F
5220,6374,F
5221,6411,F
5222,6412,F
5223,6394,F
5224,6395,F
5225,6396,F
5226,6402,F
5227,6403,F
5228,6404,F
5229,6405,F
5230,6406,F
5231,6407,F
5232,6408,F
5233,6409,F
5234,6410,F
5235,6413,F
5236,6414,F
5237,6415,F
5238,6416,F
5239,6423,F
5240,6428,F
5241,6432,F
5242,6416A,F
5243,6440,F
5244,6468A,F
5245,6416B,F
5246,6417,F
5247,6441,F
5248,6418,F
5249,6442,F
5250,6481,T
5251,6419,F
5252,6420,F
5253,6421,F
5254,6422,F
5255,6481,T
5256,6433,F
5257,6434,F
5258,6443,F
5259,6435,F
5260,6444,F
5261,6487,F
5262,6436,F
5263,6469,F
5264,6470,F
5265,6437,F
5266,6447,F
5267,6471,F
5268,6438,F
5269,6439,F
5270,6445,F
5271,6446,F
5272,6452,F
5273,6448,F
5274,6449,F
5275,6453,F
5276,6488,F
5277,6450,F
5278,6451,F
5279,6458,F
5280,6464,F
5281,6472,F
5282,6459,F
5283,6480,T
5284,6460,F
5285,6461,F
5286,6462,F
5287,6463,F
5288,6465,F
5289,6466,F
5290,6467,F
5291,6468,F
5292,6473,F
5293,6474,F
5294,6475,F
5295,6476,F
5296,6477,F
5297,6478,T
5298,6478,T
5299,6479,T
5300,6479,T
5301,6482,F
5302,6501,F
5303,6502,F
5304,6503,F
5305,6767,T
5306,6483,F
5307,6504,F
5308,6505,F
5309,6506,F
5310,6767,T
5311,6484,F
5312,6485,T
5313,6485,T
5314,6486,T
5315,6486,T
5316,6489,F
5317,6507,F
5318,6518,T
5319,6490,F
5320,6491,F
5321,6492,F
5322,6494,F
5323,6495,F
5324,6496,T
5325,6496,T
5326,6508,F
5327,6497,F
5328,6498,F
5329,6509,T
5330,6499,F
5331,6509,T
5332,6510,T
5333,6510,T
5334,6526,T
5335,6500,F
5336,6511,F
5337,6512,F
5338,6513,F
5339,6514,T
5340,6514,T
5341,6515,T
5342,6515,T
5343,6516,T
5344,6516,T
5345,6517,T
5346,6517,T
5347,6518,T
5348,6519,F
5349,6520,F
5350,6521,T
5351,6521,T
5352,6522,T
5353,6522,T
5354,6523,F
5355,6524,T
5356,6524,T
5357,6525,T
5358,6525,T
5359,6527,T
5360,6528,T
5361,6528,T
5362,6529,T
5363,6529,T
5364,6530,T
5365,6530,T
5366,6531,T
5367,6531,T
5368,6532,F
5369,6533,F
5370,6534,F
5371,6535,F
5372,6536,T
5373,6536,T
5374,6537,F
5375,6538,F
5376,6539,F
5377,6540,F
5378,6548,F
5379,6541,F
5380,6542,F
5381,6543,F
5382,6544,F
5383,6545,F
5384,6546,F
5385,6549,F
5386,6550,F
5387,6551,F
5388,6552,F
5389,6553,F
5390,6554,F
5391,6555,F
5392,6556,F
5393,6561,F
5394,6562,F
5395,6563,F
5396,6564,F
5397,6565,F
5398,6566,F
5399,6567,F
5400,6580,F
5401,6581,F
5402,6582,F
5403,6568,F
5404,6569,T
5405,6569,T
5406,6570,F
5407,6596,F
5408,6571,T
5409,6571,T
5410,6572,F
5411,6583,F
5412,6588,F
5413,6603,F
5414,6573,F
5415,6574,F
5416,6594,F
5417,6575,F
5418,6576,F
5419,6577,F
5420,6578,F
5421,6579,F
5422,6589,T
5423,6589,T
5424,6590,F
5425,6591,F
5426,6592,F
5427,6593,F
5428,6597,F
5429,6598,F
5430,6599,F
5431,6600,F
5432,6601,F
5433,6602,F
5434,6604,F
5435,6605,F
5436,6611,F
5437,6612,F
5438,6613,F
5439,6614,F
5440,6615,F
5441,6616,F
5442,6617,F
5443,6618,F
5444,6619,F
5445,6620,F
5446,6621,F
5447,6630,F
5448,6631,F
5449,6632,F
5450,6633,F
5451,6634,F
5452,6635,F
5453,6636,F
5454,6637,F
5455,6638,F
5456,6639,F
5457,6640,F
5458,6651,F
5459,6661,F
5460,6652,F
5461,6653,F
5462,6654,F
5463,6655,F
5464,6656,F
5465,6657,F
5466,6682A,F
5467,6683,F
5468,6684,F
5469,6659,F
5470,6660,T
5471,6660,T
5472,6660,T
5473,6662,T
5474,6662,T
5475,6663,F
5476,6664,F
5477,6665,F
5478,6685,F
5479,6686,T
5480,6686,T
5481,6687,F
5482,6688,F
5483,6689,F
5484,6690,F
5485,6719,T
5486,6691,F
5487,6692,F
5488,6693,F
5489,6694,F
5490,6695,F
5491,6696,F
5492,6700,F
5493,6706,T
5494,6706,T
5495,6709,F
5496,6710,F
5497,6712,T
5498,6768,F
5499,6712,T
5500,6713,T
5501,6713,T
5502,6717,F
5503,6718,F
5504,6719,T
5505,6720,F
5506,6721,F
5507,6722,F
5508,6723,F
5509,6724,F
5510,6725,F
5511,6726,F
5512,6727,F
5513,6728,F
5514,6765,F
5515,6729,T
5516,6729,T
5517,6729,T
5518,6766,F
5519,6730,T
5520,6730,T
5521,6733A,T
5522,6733A,T
5523,6733A,T
5524,6731,F
5525,6732,F
5526,6734,F
5527,6735,F
5528,6736,F
5529,6738,F
5530,6739,F
5531,6740,F
5532,6741,F
5533,6742,T
5534,6742,T
5535,6743,F
5536,6744,T
5537,6744,T
5538,6745,F
5539,6746,F
5540,6747,F
5541,6748,F
5542,6750,T
5543,6750,T
5544,6751,F
5545,6752,T
5546,6759,T
5547,6759,T
5548,6752,T
5549,6752,T
5550,6753,T
5551,6753,T
5552,6763,F
5553,6764,T
5554,6764,T
5555,6754,T
5556,6754,T
5557,6754A,T
5558,6754A,T
5559,6754B,T
5560,6754B,T
5561,6755,F
5562,6756,F
5563,6757,F
5564,6758,F
5565,6760,F
5566,6761,F
5567,6762,F
5568,6769,F
5569,6770,F
5570,6771,F
5571,6772,F
5572,6774,F
5573,6775,F
5574,6776,F
5575,6777,F
5576,6777A,F
5577,6778,F
5578,6779,F
5579,6783,T
5580,6783,T
5581,6784,T
5582,6985,F
5583,6780,T
5584,6780,T
5585,6986,F
5586,7024,F
5587,6781,T
5588,6781,T
5589,6782,F
5590,6784,T
5591,6785,T
5592,6785,T
5593,6987,F
5594,6786,T
5595,6786,T
5596,6786,T
5597,6794,F
5598,6795A,F
5599,6792,F
5600,6800,F
5601,6793,F
5602,6995,F
5603,6996,F
5604,6795C,F
5605,6795D,T
5606,6900,T
5607,6795D,T
5608,6796,F
5609,6797,F
5610,6798,F
5611,6799,F
5612,6915,T
5613,6801,F
5614,6802,F
5615,6803,F
5616,6804,F
5617,6900,T
5618,6934,F
5619,6900,T
5620,6900,T
5621,6900,T
5622,6900,T
5623,6900,T
5624,6900,T
5625,6900,T
5626,6900,T
5627,6901,F
5628,6902,F
5629,6903,F
5630,6935,F
5631,6936,F
5632,6904,F
5633,6905,F
5634,6907,F
5635,6908,F
5636,6909,F
5637,6937,F
5638,6910,F
5639,6938,F
5640,6911,F
5641,6912,F
5642,6939,F
5643,6912A,F
5644,6913,F
5645,6940,F
5646,6941,F
5647,6913A,F
5648,6942,F
5649,6943,F
5650,6914,F
5651,6915,T
5652,6915,T
5653,7025,F
5654,6916,F
5655,6944,F
5656,6917,F
5657,6945,F
5658,6917A,F
5659,7026,F
5660,6917B,F
5661,6946,T
5662,6918,F
5663,6997,F
5664,6919,F
5665,6998,F
5666,6920,F
5667,7006,F
5668,6921,F
5669,7007,F
5670,6922,F
5671,7008,F
5672,6923,F
5673,7009,F
5674,6924,F
5675,6955,T
5676,6925,F
5677,6926,F
5678,7018,F
5679,6927,F
5680,7019,F
5681,6928,F
5682,7020,F
5683,6929,F
5684,7021,F
5685,6930,F
5686,7022,F
5687,6931,F
5688,6956,F
5689,6932,F
5690,6933,F
5691,6962,F
5692,6946,T
5693,6947,F
5694,6948,F
5695,6949,F
5696,6950,F
5697,6951,F
5698,6952,F
5699,6953,T
5700,6953,T
5701,6954,F
5702,6955,T
5703,6955,T
5704,6957,F
5705,6958,T
5706,6958,T
5707,6958A,F
5708,6959,F
5709,6961,F
5710,6964,F
5711,6978,T
5712,6965A,F
5713,6978,T
5714,6965B,F
5715,6979,F
5716,6967,F
5717,6968,T
5718,6968,T
5719,6968,T
5720,6980,F
5721,7023,F
5722,6969,F
5723,6970,T
5724,6970,T
5725,6981,F
5726,6971A,F
5727,6982,F
5728,6971B,F
5729,6983,F
5730,6972,F
5731,6973,F
5732,6974,F
5733,6975,F
5734,6976,F
5735,6977,F
5736,6984,F
5737,6988,F
5738,6989,F
5739,6990,F
5740,6991,F
5741,6992,F
5742,6993,F
5743,6994,F
5744,6999,F
5745,7000,F
5746,7001,F
5747,7002,F
5748,7003,F
5749,7004,F
5750,7005,F
5751,7010,F
5752,7011,F
5753,7012,F
5754,7013,F
5755,7014,F
5756,7015,F
5757,7016,F
5758,7017,F
5759,7027A,F
5760,7028B,F
5761,7027B,F
5762,7031,F
5763,7028A,F
5764,7034,F
5765,7029,F
5766,7035,F
5767,7164,F
5768,7029A,F
5769,7030,F
5770,7036,F
5771,7037,F
5772,7032A,F
5773,7044A,F
5774,7165,F
5775,7038,F
5776,7039,F
5777,7039A,F
5778,7039B,F
5779,7040A,F
5780,7040B,F
5781,7044B,F
5782,7044C,F
5783,7053,F
5784,7041,F
5785,7046A,F
5786,7042A,F
5787,7046B,F
5788,7166,F
5789,7042B,F
5790,7043,T
5791,7043,T
5792,7043,T
5793,7045,F
5794,7047,F
5795,7048,F
5796,7049,F
5797,7045A,F
5798,7050,F
5799,7051,F
5800,7052,F
5801,7060,F
5802,7045B,F
5803,7046,F
5804,7054,F
5805,7055,F
5806,7055A,F
5807,7056,F
5808,7057,F
5809,7058,F
5810,7059,F
5811,7061,F
5812,7062,F
5813,7063,F
5814,7063A,F
5815,7069,F
5816,7063B,F
5817,7064,F
5818,7070,F
5819,7071,F
5820,7167,F
5821,7064A,F
5822,7065,F
5823,7066,F
5824,7067,F
5825,7068,F
5826,7168,F
5827,7072,F
5828,7073,F
5829,7074,F
5830,7075,F
5831,7076,F
5832,7077,F
5833,7078,F
5834,7079,F
5835,7080,F
5836,7081A,F
5837,7081B,F
5838,7082,F
5839,7083,F
5840,7084,F
5841,7085,F
5842,7086,F
5843,7087,F
5844,7088,F
5845,7089,F
5846,7090,F
5847,7091,F
5848,7096B,F
5849,7092,F
5850,7094,F
5851,7095,F
5852,7095A,F
5853,7095B,F
5854,7096A,T
5855,7096A,T
5856,7096C,F
5857,7097,T
5858,7097,T
5859,7098,F
5860,7099,F
5861,7100,T
5862,7100,T
5863,7101A,F
5864,7101B,F
5865,7106,F
5866,7107,F
5867,7102,F
5868,7103,F
5869,7104,F
5870,7105,F
5871,7108,F
5872,7109,F
5873,7109A,F
5874,7110A,F
5875,7110B,F
5876,7111,F
5877,7112,F
5878,7113,F
5879,7121,F
5880,7114,F
5881,7115,F
5882,7116,F
5883,7117,F
5884,7118,F
5885,7119,F
5886,7120,F
5887,7122,F
5888,7123,F
5889,7124,F
5890,7125,F
5891,7143,F
5892,7144,F
5893,7126A,T
5894,7126A,T
5895,7126B,F
5896,7127,F
5897,7128,F
5898,7129,F
5899,7130,F
5900,7131,F
5901,7132,T
5902,7132,T
5903,7133,T
5904,7133,T
5905,7134,T
5906,7134,T
5907,7134,T
5908,7135,T
5909,7135,T
5910,7135,T
5911,7136,T
5912,7136,T
5913,7137,F
5914,7138,F
5915,7139,F
5916,7139A,F
5917,7145,T
5918,7145,T
5919,7140,T
5920,7140,T
5921,7140,T
5922,7141,F
5923,7142,F
5924,7146,T
5925,7146,T
5926,7147,T
5927,7147,T
5928,7147,T
5929,7148,T
5930,7148,T
5931,7149,T
5932,7149,T
5933,7154,F
5934,7150,T
5935,7155,F
5936,7161,T
5937,7161,T
5938,7162,F
5939,7163,F
5940,7150,T
5941,7151,T
5942,7151,T
5943,7153,F
5944,7160,F
5945,7156,F
5946,7157,F
5947,7158,F
5948,7159,F
5949,7169,F
5950,7170,F
5951,7172,F
5952,7173,F
5953,7222B,F
5954,7174,F
5955,7176,F
5956,7177,F
5957,7178,F
5958,7179,F
5959,7203,F
5960,7204,F
5961,7205,F
5962,7206,F
5963,7207,F
5964,7208,F
5965,7209,F
5966,7210,F
5967,7211,F
5968,7223,F
5969,7212,F
5970,7224,F
5971,7213,F
5972,7214,F
5973,7215,F
5974,7216,F
5975,7217,F
5976,7218,F
5977,7219,F
5978,7220,F
5979,7221,F
5980,7222,F
5981,7222A,F
5982,7225,F
5983,7226,T
5984,7253,T
5985,7226,T
5986,7228,F
5987,7229,F
5988,7229A,F
5989,7253,T
5990,7230,F
5991,7231,F
5992,7333B,F
5993,7232,F
5994,7233,F
5995,7234,F
5996,7235,F
5997,7236,F
5998,7237,F
5999,7238,F
6000,7238A,F
6001,7239,F
6002,7239A,F
6003,7246,F
6004,7240,F
6005,7247,F
6006,7240A,F
6007,7250,F
6008,7241,F
6009,7242,F
6010,7243,F
6011,7244,F
6012,7245,F
6013,7248,F
6014,7249,F
6015,7251,F
6016,7252,F
6017,7254,T
6018,7254,T
6019,7255,F
6020,7258,F
6021,7259,F
6022,7333C,F
6023,7260,F
6024,7260A,F
6025,7261,F
6026,7262,F
6027,7263,F
6028,7264,F
6029,7265,F
6030,7266,F
6031,7267,F
6032,7268,F
6033,7269,F
6034,7270,F
6035,7272,F
6036,7273,F
6037,7333E,F
6038,7274,F
6039,7552,F
6040,7275,F
6041,7553,F
6042,7554,F
6043,7276,F
6044,7277,F
6045,1373,T
6046,1373,T
6047,7278,F
6048,7282,T
6049,7279,F
6050,7283,T
6051,7281,F
6052,7282,T
6053,7282,T
6054,7283,T
6055,7283,T
6056,7356,F
6057,7283,T
6058,7284,F
6059,7295,F
6060,7296,T
6061,7296,T
6062,7306,F
6063,7298,F
6064,7299,F
6065,7303,F
6066,7303A,F
6067,7304,F
6068,7307,F
6069,7359,F
6070,7308,F
6071,7309,F
6072,7309A,F
6073,7310,F
6074,7311,F
6075,7312,F
6076,7313,F
6077,7314,F
6078,7315,F
6079,7316,F
6080,7317,F
6081,7318,F
6082,7319,F
6083,7320,F
6084,7333A,F
6085,7321,F
6086,7322,F
6087,7323,F
6088,7324,F
6089,7325,F
6090,7326,F
6091,7330,F
6092,7331,F
6093,7332,F
6094,7333,F
6095,7333D,F
6096,7361,F
6097,7334,F
6098,7335,F
6099,7336,F
6100,7364,F
6101,7337,F
6102,7381,T
6103,7338,F
6104,7523,F
6105,7524,F
6106,7339,F
6107,7340,F
6108,7341,F
6109,7342,F
6110,7343,F
6111,7344,F
6112,7345A,F
6113,7345,F
6114,7345B,F
6115,7345C,F
6116,7346,F
6117,7347,F
6118,7348,F
6119,7349,F
6120,7350,F
6121,7352A,F
6122,7351,F
6123,7352,F
6124,7353,F
6125,7354,F
6126,7355,F
6127,7357,F
6128,7358,F
6129,7360,F
6130,7362,F
6131,7363,F
6132,7365,F
6133,7366,F
6134,7367,F
6135,7368,F
6136,7369,F
6137,7370,F
6138,7380,F
6139,7381,T
6140,7500,F
6141,7501,F
6142,7504,F
6143,7504A,F
6144,7505,F
6145,7506,F
6146,7507,F
6147,7508,F
6148,7509,F
6149,6493,F
6150,7510,F
6151,7511,F
6152,3503,T
6153,3503,T
6154,3708,T
6155,3708,T
6156,7512,F
6157,3708,T
6158,3708,T
6159,3833,F
6160,7513,T
6161,7513,T
6162,7514,F
6163,4591C,F
6164,7515A,F
6165,7517,F
6166,7518,F
6167,7519,F
6168,7520,F
6169,7521,F
6170,7522,T
6171,7522,T
6172,7525,F
6173,7532,T
6174,7526,F
6175,7536,F
6176,7537,F
6177,7527,F
6178,8901,F
6179,8902,F
6180,7528,F
6181,8903,F
6182,8904,F
6183,8905,F
6184,8906,F
6185,7529,F
6186,7530,F
6187,7531,F
6188,7532,T
6189,7542,T
6190,7533,F
6191,7543,F
6192,7534,F
6193,7535,F
6194,7547,F
6195,7538,F
6196,7539,F
6197,7540,F
6198,7541,F
6199,7550,F
6200,7542,T
6201,7544,T
6202,7544,T
6203,7545,F
6204,7551,F
6205,7546,F
6206,7548,F
6207,7549,F
6208,7555,F
6209,7560,F
6210,8700,F
6211,8701,F
6212,8702,F
6213,4624,T
6214,4624,T
6215,5000,F
6216,1939,F
6217,8945,F
6218,8946,F
6219,8947,F
6220,8948,F
6221,8949,F
6222,8950,F
6223,8952,F
6224,8953,F
6225,8954,F
6226,8958,F
